order_item_id,order_id,product_id,quantity,list_price,discount_pct,selling_price,profit
1,1936,507,1.0,593.07,0.0,593.07,306.73
2,1092,1632,1.0,2440.71,5.0,2318.67,1000.78
3,1350,1115,2.0,2294.4,20.0,1835.52,1223.52
4,675,530,1.0,1492.96,0.0,1492.96,672.34
5,1686,193,1.0,706.72,0.0,706.72,340.4
6,353,1576,1.0,1747.31,15.0,1485.21,613.17
7,262,1480,1.0,2335.94,0.0,2335.94,1305.47
8,1609,1809,1.0,764.24,0.0,764.24,325.09
9,1061,1135,2.0,2178.51,10.0,1960.66,1300.02
10,316,1725,1.0,755.72,15.0,642.36,319.7
11,1062,760,1.0,2078.46,0.0,2078.46,1186.9
12,1712,536,1.0,1762.98,0.0,1762.98,821.44
13,465,941,1.0,1591.07,20.0,1272.86,324.46
14,463,13,2.0,1441.31,15.0,1225.11,851.98
15,1071,1960,1.0,1686.42,10.0,1517.78,537.48
16,9,1647,2.0,2167.29,0.0,2167.29,2322.52
17,786,1627,1.0,1973.11,0.0,1973.11,1131.86
18,558,399,2.0,1026.21,15.0,872.28,760.32
19,1537,1262,1.0,644.1,15.0,547.48,272.23
20,423,742,1.0,1954.43,0.0,1954.43,1093.67
21,956,244,1.0,2271.24,20.0,1816.99,718.19
22,207,1011,1.0,2381.69,0.0,2381.69,1297.75
23,1419,1652,2.0,1136.35,15.0,965.9,645.12
24,1857,3979,1.0,2020.98,5.0,1919.93,844.9
25,3864,1786,2.0,1834.29,0.0,1834.29,1833.3
26,940,5354,1.0,462.28,0.0,462.28,184.21
27,1544,653,1.0,874.59,0.0,874.59,379.4
28,516,6750,1.0,1420.5,0.0,1420.5,809.26
29,1869,833,1.0,1293.05,30.0,905.13,137.67
30,1293,1127,1.0,557.79,0.0,557.79,268.66
31,1111,871,1.0,2209.06,20.0,1767.25,513.87
32,71,526,1.0,1326.06,0.0,1326.06,727.88
33,1180,1022,1.0,1116.44,0.0,1116.44,447.85
34,1502,282,1.0,1673.65,30.0,1171.56,158.78
35,784,1507,3.0,874.95,10.0,787.46,999.24
36,1308,742,1.0,1954.43,0.0,1954.43,1093.67
37,1576,703,1.0,398.54,0.0,398.54,226.2
38,198,1673,1.0,656.19,0.0,656.19,379.75
39,418,620,2.0,1860.06,20.0,1488.05,832.14
40,1050,1930,1.0,2014.33,30.0,1410.03,554.16
41,1534,1583,1.0,2276.62,0.0,2276.62,989.25
42,1061,875,1.0,1623.42,10.0,1461.08,485.85
43,923,1098,1.0,777.53,15.0,660.9,199.56
44,1631,1706,2.0,1167.89,30.0,817.52,314.88
45,824,1636,3.0,2122.93,0.0,2122.93,3224.58
46,113,1623,1.0,2225.58,0.0,2225.58,954.36
47,436,1692,1.0,1266.78,0.0,1266.78,598.75
48,1580,327,1.0,1673.98,0.0,1673.98,931.95
49,1303,839,1.0,2158.32,15.0,1834.57,734.55
50,1945,111,2.0,1177.38,15.0,1000.77,945.68
51,1352,1869,1.0,1468.06,5.0,1394.66,495.61
52,1648,842,1.0,848.25,10.0,763.42,272.69
53,1369,54,1.0,912.4,0.0,912.4,351.18
54,749,533,2.0,2390.54,15.0,2031.96,1673.42
55,1209,1948,3.0,2211.01,0.0,2211.01,2921.7
56,348,1835,1.0,1236.31,0.0,1236.31,550.79
57,326,1104,1.0,697.34,0.0,697.34,291.84
58,1618,78,1.0,2102.13,,1997.02,727.39
59,1549,1457,1.0,1916.81,0.0,1916.81,866.11
60,559,1090,1.0,2145.33,0.0,2145.33,895.95
61,983,933,2.0,681.69,0.0,681.69,694.2
62,1327,837,1.0,642.57,10.0,578.31,276.19
63,884,119,1.0,1235.83,5.0,1174.04,483.0
64,700,1516,1.0,833.31,0.0,833.31,378.88
65,1037,1966,1.0,2133.02,20.0,1706.42,521.24
66,431,811,0.0,2486.23,10.0,2237.61,1012.83
67,1972,255,1.0,462.28,0.0,462.28,184.21
68,1387,1895,1.0,1584.33,15.0,1346.68,680.2
69,614,491,1.0,1384.97,5.0,1315.72,701.26
70,754,1751,1.0,1574.82,0.0,1574.82,869.93
71,1781,1073,1.0,2198.59,15.0,1868.8,584.35
72,1032,596,1.0,1687.16,5.0,1602.8,837.02
73,995,1685,1.0,588.96,5.0,559.51,269.59
74,918,221,2.0,618.73,5.0,587.79,501.36
75,626,431,1.0,848.6,15.0,721.31,272.63
76,1798,1976,-1.0,717.65,15.0,610.0,190.4
77,624,596,2.0,1687.16,20.0,1349.73,1167.9
78,924,1170,1.0,1116.69,0.0,1116.69,443.12
79,107,223,1.0,759.64,10.0,683.68,272.63
80,550,683,1.0,897.45,15.0,762.83,256.8
81,1295,1718,2.0,2048.68,0.0,2048.68,2370.18
82,2000,1925,1.0,576.24,0.0,576.24,285.25
83,1487,1908,1.0,1448.14,5.0,1375.73,712.51
84,1588,97,3.0,2059.55,0.0,2059.55,3294.75
85,1262,416,1.0,1392.97,0.0,1392.97,675.42
86,1384,661,1.0,753.89,0.0,753.89,320.69
87,1849,1768,1.0,1430.07,10.0,1287.06,537.12
88,1670,650,3.0,591.48,0.0,591.48,771.42
89,628,248,1.0,1388.92,0.0,1388.92,784.72
90,1578,683,,897.45,0.0,897.45,391.42
91,1439,1916,1.0,2481.83,0.0,2481.83,1363.53
92,708,734,1.0,1002.63,15.0,852.24,313.26
93,1814,617,1.0,2245.17,10.0,2020.65,684.51
94,1083,1777,1.0,611.45,0.0,611.45,253.83
95,1190,1734,1.0,1356.93,20.0,1085.54,258.21
96,1771,1175,2.0,2433.53,30.0,1703.47,970.64
97,1154,638,1.0,541.3,0.0,541.3,261.46
98,979,992,2.0,1716.26,0.0,1716.26,1815.8
99,1273,1981,1.0,631.11,0.0,631.11,313.26
100,455,4356,1.0,922.18,5.0,876.07,435.33
101,1297,343,1.0,2457.03,5.0,2334.18,1135.84
102,25,1863,1.0,1167.24,0.0,1167.24,533.96
103,1124,1603,2.0,1851.95,0.0,1851.95,1722.72
104,535,1980,1.0,948.41,0.0,948.41,448.3
105,1603,1794,1.0,334.41,0.0,334.41,190.13
106,389,99,1.0,1221.08,0.0,1221.08,601.79
107,628,197,2.0,2166.25,0.0,2166.25,2050.72
108,1656,1871,2.0,2183.03,0.0,2183.03,2199.02
109,1528,699,2.0,774.97,0.0,774.97,881.28
110,1742,1515,1.0,2193.91,0.0,2193.91,983.31
111,1266,866,1.0,1749.34,0.0,1749.34,886.03
112,1550,1336,2.0,1931.33,0.0,1931.33,1817.5
113,77,1675,3.0,2120.93,0.0,2120.93,2586.51
114,387,1257,1.0,1775.07,20.0,1420.06,661.06
115,1648,1356,1.0,1315.55,20.0,1052.44,402.57
116,1214,652,2.0,2054.83,0.0,2054.83,2115.02
117,720,687,2.0,994.39,0.0,994.39,1122.94
118,1581,1691,1.0,1719.38,15.0,1461.47,569.72
119,936,619,1.0,1721.31,0.0,1721.31,743.69
120,588,1364,1.0,956.28,5.0,908.47,366.16
121,645,490,1.0,640.83,5.0,608.79,237.13
122,1470,279,1.0,2002.5,0.0,2002.5,949.02
123,537,205,1.0,618.64,5.0,587.71,233.61
124,363,68,3.0,2039.15,0.0,2039.15,2458.26
125,1407,1740,2.0,369.75,0.0,369.75,394.1
126,783,1608,1.0,706.71,0.0,706.71,293.91
127,604,898,1.0,1533.76,0.0,1533.76,773.06
128,644,546,1.0,1697.93,0.0,1697.93,671.62
129,660,565,1.0,1456.16,30.0,1019.31,146.45
130,1799,1436,1.0,1165.21,0.0,1165.21,656.64
131,1075,1618,3.0,1874.01,0.0,1874.01,2449.02
132,1723,169,1.0,542.25,0.0,542.25,310.59
133,767,1295,1.0,2336.03,0.0,2336.03,1334.16
134,1661,977,1.0,2363.8,0.0,2363.8,1148.6
135,413,311,1.0,1484.04,0.0,1484.04,748.73
136,4294,270,1.0,557.33,0.0,557.33,268.2
137,1623,60,1.0,708.24,15.0,602.0,276.73
138,252,1627,1.0,1973.11,0.0,1973.11,1131.86
139,1299,634,1.0,988.98,5.0,939.53,488.29
140,1712,1516,,833.31,0.0,833.31,378.88
141,1971,138,1.0,892.69,0.0,892.69,451.97
142,1605,1432,2.0,1306.82,0.0,1306.82,1238.88
143,1714,101,1.0,1330.01,0.0,1330.01,644.18
144,1045,1012,1.0,1118.24,,1062.33,587.77
145,615,1128,2.0,1384.01,0.0,1384.01,1237.52
146,1977,186,2.0,2390.35,10.0,2151.32,2280.2
147,1753,1077,1.0,478.21,0.0,478.21,189.24
148,180,1300,1.0,1604.95,5.0,1524.7,832.75
149,1847,1320,1.0,680.7,20.0,544.56,145.52
150,1317,325,1.0,1943.68,0.0,1943.68,741.65
151,1000,429,1.0,2316.01,0.0,2316.01,1314.26
152,297,1325,1.0,372.05,15.0,316.24,103.31
153,1361,897,3.0,1142.76,10.0,1028.48,1004.34
154,1027,908,3.0,2155.68,10.0,1940.11,2064.24
155,1646,313,1.0,1057.55,0.0,1057.55,596.65
156,1047,1626,1.0,1694.15,15.0,1440.03,576.8
157,666,244,1.0,2271.24,0.0,2271.24,1172.44
158,366,1628,1.0,1044.07,,1044.07,516.69
159,1673,124,2.0,381.57,0.0,381.57,360.96
160,802,875,1.0,1623.42,0.0,1623.42,648.19
161,296,315,2.0,1958.76,0.0,1958.76,1828.46
162,1998,1301,2.0,1064.55,10.0,958.1,784.84
163,111,427,1.0,519.3,0.0,519.3,215.42
164,532,794,,503.34,30.0,352.34,92.53
165,277,877,1.0,325.98,0.0,325.98,176.09
166,321,1559,1.0,2371.38,0.0,2371.38,934.17
167,1350,1634,1.0,2064.2,5.0,1960.99,710.3
168,337,918,2.0,1394.92,0.0,1394.92,1528.42
169,1679,76,1.0,2451.75,,2451.75,1210.87
170,580,30,1.0,1980.19,0.0,1980.19,903.36
171,16,1608,1.0,706.71,0.0,706.71,293.91
172,1631,1460,1.0,2296.84,0.0,2296.84,1007.91
173,1362,684,1.0,2294.53,0.0,2294.53,1140.39
174,590,595,1.0,1954.28,0.0,1954.28,893.36
175,1541,1640,1.0,931.5,0.0,931.5,389.84
176,1110,1393,1.0,1657.54,0.0,1657.54,746.1
177,790,907,1.0,985.32,0.0,985.32,470.91
178,1692,302,2.0,881.75,0.0,881.75,993.86
179,918,1197,1.0,2251.42,5.0,2138.85,860.73
180,1069,1912,3.0,781.62,0.0,781.62,986.7
181,378,745,1.0,2367.03,10.0,2130.33,826.06
182,474,1200,1.0,1396.15,,1396.15,607.16
183,1918,262,1.0,2355.95,10.0,2120.36,794.17
184,80,1845,1.0,1052.12,0.0,1052.12,556.37
185,53,755,1.0,2164.52,0.0,2164.52,1098.51
186,490,1622,1.0,1972.99,5.0,1874.34,817.49
187,1197,651,1.0,1849.91,15.0,1572.42,764.76
188,1002,1497,1.0,1897.25,0.0,1897.25,883.94
189,238,1784,1.0,1491.34,0.0,1491.34,651.94
190,525,33,1.0,2083.83,5.0,1979.64,898.43
191,48,1124,1.0,1528.1,0.0,1528.1,747.8
192,1359,1579,1.0,1306.88,10.0,1176.19,422.13
193,1937,1612,1.0,1574.2,0.0,1574.2,605.69
194,792,1912,1.0,781.62,30.0,547.13,94.41
195,1622,1125,1.0,2133.05,0.0,2133.05,816.97
196,881,957,2.0,1211.72,0.0,1211.72,1265.16
197,1912,1781,1.0,1307.98,20.0,1046.38,272.74
198,160,180,1.0,502.6,5.0,477.47,241.06
199,49,1805,1.0,1362.52,0.0,1362.52,684.91
200,1540,1259,1.0,1673.79,0.0,1673.79,643.64
201,1050,1732,1.0,878.24,0.0,878.24,490.68
202,973,761,2.0,925.66,15.0,786.81,543.16
203,656,1522,1.0,1548.15,10.0,1393.34,501.63
204,827,1474,1.0,1502.95,0.0,1502.95,768.27
205,1819,152,,798.28,0.0,798.28,334.74
206,1082,1706,2.0,1167.89,5.0,1109.5,898.84
207,512,1310,1.0,1017.51,0.0,1017.51,431.5
208,911,61,2.0,2102.32,0.0,2102.32,2041.58
209,58,1394,2.0,1912.47,30.0,1338.73,958.6
210,1726,582,1.0,628.35,0.0,628.35,259.02
211,1120,450,1.0,2003.41,10.0,1803.07,687.8
212,949,742,1.0,1954.43,10.0,1758.99,898.23
213,305,694,1.0,2248.25,0.0,2248.25,1243.17
214,1012,976,1.0,1648.34,0.0,1648.34,896.23
215,1430,206,1.0,2031.96,0.0,2031.96,1148.08
216,882,530,2.0,1492.96,0.0,1492.96,1344.68
217,1002,1459,,1951.85,0.0,1951.85,911.77
218,1307,1965,1.0,829.07,0.0,829.07,444.2
219,1144,109,1.0,2194.22,0.0,2194.22,876.13
220,1702,1184,3.0,1576.09,0.0,1576.09,1906.71
221,1498,456,1.0,1781.53,0.0,1781.53,931.27
222,1779,1996,1.0,1891.44,0.0,1891.44,1063.12
223,829,644,2.0,787.37,20.0,629.9,348.4
224,859,1336,1.0,1931.33,10.0,1738.2,715.62
225,765,1070,1.0,1457.36,0.0,1457.36,805.44
226,160,23,1.0,2304.41,15.0,1958.75,928.55
227,1470,1096,1.0,2481.99,5.0,2357.89,917.34
228,1066,1679,1.0,1741.43,10.0,1567.29,489.12
229,1891,1921,1.0,1787.43,30.0,1251.2,362.05
230,990,153,1.0,1098.88,0.0,1098.88,535.32
231,231,402,1.0,1624.45,0.0,1624.45,703.36
232,1223,1226,1.0,788.67,0.0,788.67,396.72
233,782,184,1.0,380.61,0.0,380.61,213.75
234,1629,493,2.0,2036.68,15.0,1731.18,1226.4
235,911,995,1.0,1142.39,20.0,913.91,208.12
236,989,392,2.0,2208.45,0.0,2208.45,2226.5
237,1592,1580,1.0,1499.72,0.0,1499.72,801.67
238,1216,826,1.0,1950.62,0.0,1950.62,968.71
239,1427,1090,2.0,2145.33,0.0,2145.33,1791.9
240,483,262,1.0,2355.95,0.0,2355.95,1029.76
241,154,892,1.0,2307.33,15.0,1961.23,808.85
242,1000,33,1.0,2083.83,5.0,1979.64,898.43
243,821,42,1.0,2037.12,10.0,1833.41,974.4
244,421,1187,1.0,2335.63,30.0,1634.94,246.4
245,1780,1058,1.0,1242.65,0.0,1242.65,481.97
246,311,451,1.0,2457.79,5.0,2334.9,1163.14
247,1441,1436,1.0,1165.21,0.0,1165.21,656.64
248,7,1083,1.0,528.16,5.0,501.75,235.08
249,774,1246,1.0,1522.35,0.0,1522.35,670.71
250,1728,360,1.0,1933.23,20.0,1546.58,368.98
251,604,1890,1.0,1848.97,0.0,1848.97,797.41
252,566,627,1.0,565.71,0.0,565.71,247.94
253,560,246,1.0,688.3,0.0,688.3,360.77
254,1709,1872,1.0,2166.36,30.0,1516.45,292.78
255,278,1375,1.0,1977.62,0.0,1977.62,757.71
256,1051,1034,1.0,1329.16,0.0,1329.16,764.38
257,1119,1936,1.0,1149.86,0.0,1149.86,545.14
258,1109,1394,1.0,1912.47,0.0,1912.47,1053.04
259,369,1892,1.0,2402.1,30.0,1681.47,266.67
260,438,1835,1.0,1236.31,0.0,1236.31,550.79
261,56,516,2.0,2467.1,5.0,2343.74,2296.2
262,1666,1551,1.0,1501.22,0.0,1501.22,869.16
263,695,1833,2.0,1558.13,0.0,1558.13,1241.5
264,518,659,1.0,1416.24,5.0,1345.43,733.18
265,516,1113,1.0,384.46,10.0,346.01,150.97
266,388,1636,1.0,2122.93,0.0,2122.93,1074.86
267,552,707,2.0,2054.63,0.0,2054.63,2361.82
268,1981,5978,1.0,1877.92,0.0,1877.92,781.65
269,111,373,1.0,2159.87,0.0,2159.87,996.98
270,585,1508,1.0,1928.04,0.0,1928.04,797.43
271,332,1386,2.0,1779.98,0.0,1779.98,1627.26
272,530,519,1.0,2323.37,10.0,2091.03,951.86
273,1840,670,1.0,1190.02,5.0,1130.52,605.93
274,1453,477,1.0,1424.79,0.0,1424.79,679.28
275,1654,607,2.0,324.92,0.0,324.92,376.56
276,266,988,2.0,680.45,0.0,680.45,786.1
277,1988,1062,1.0,2330.96,0.0,2330.96,1047.61
278,670,312,2.0,706.57,10.0,635.91,561.24
279,478,1660,1.0,1981.29,0.0,1981.29,827.54
280,1544,1880,1.0,1297.94,0.0,1297.94,512.48
281,455,1953,3.0,349.71,0.0,349.71,496.26
282,1211,102,1.0,1478.2,15.0,1256.47,622.43
283,284,231,1.0,462.63,0.0,462.63,205.98
284,635,718,1.0,2476.83,0.0,2476.83,1210.41
285,1780,672,-1.0,2022.3,0.0,2022.3,1042.99
286,1092,1733,2.0,536.54,0.0,536.54,446.28
287,1608,1995,1.0,1375.37,5.0,1306.6,652.75
288,1712,278,1.0,1957.1,0.0,1957.1,812.95
289,139,985,1.0,1211.62,0.0,1211.62,564.14
290,15,554,1.0,1501.87,0.0,1501.87,642.13
291,693,1459,1.0,1951.85,5.0,1854.26,814.18
292,1231,783,1.0,539.25,0.0,539.25,242.61
293,1093,1749,,1262.18,0.0,1262.18,507.99
294,1646,637,2.0,2195.3,0.0,2195.3,2281.96
295,705,1623,1.0,2225.58,10.0,2003.02,731.8
296,822,547,1.0,1514.41,0.0,1514.41,633.46
297,1963,1427,1.0,1996.56,15.0,1697.08,839.47
298,1666,1415,1.0,1590.89,30.0,1113.62,248.67
299,1347,624,1.0,1805.46,5.0,1715.19,621.58
300,289,983,1.0,468.68,0.0,468.68,258.16
301,1662,551,1.0,1729.67,20.0,1383.74,520.94
302,1069,1597,1.0,1490.63,0.0,1490.63,812.24
303,920,1962,1.0,1306.26,30.0,914.38,214.19
304,729,1441,1.0,1946.21,15.0,1654.28,643.57
305,715,1150,2.0,2085.53,0.0,2085.53,2408.24
306,1634,1889,2.0,2076.27,15.0,1764.83,1460.9
307,1774,1920,1.0,332.61,10.0,299.35,115.38
308,1168,328,1.0,853.65,0.0,853.65,338.32
309,1989,265,1.0,1290.39,,1225.87,530.3
310,1582,424,,2106.44,0.0,2106.44,2243.98
311,1111,1429,2.0,855.58,0.0,855.58,663.08
312,1051,883,2.0,997.79,0.0,997.79,1010.88
313,1411,1156,1.0,1534.81,5.0,1458.07,514.84
314,1270,234,3.0,1762.85,0.0,1762.85,2848.14
315,6809,534,1.0,2478.03,10.0,2230.23,895.08
316,606,161,1.0,1546.08,0.0,1546.08,609.33
317,1027,1390,1.0,417.21,5.0,396.35,157.11
318,529,815,1.0,1687.7,0.0,1687.7,694.59
319,1497,958,1.0,958.99,0.0,958.99,410.55
320,1784,1365,1.0,1997.31,0.0,1997.31,909.17
321,670,744,1.0,1255.03,0.0,1255.03,581.23
322,1416,386,1.0,1591.13,0.0,1591.13,851.05
323,802,415,1.0,512.03,5.0,486.43,248.4
324,1082,1739,1.0,793.89,10.0,714.5,260.9
325,1866,976,1.0,1648.34,0.0,1648.34,896.23
326,152,1295,1.0,2336.03,0.0,2336.03,1334.16
327,548,1187,1.0,2335.63,0.0,2335.63,947.09
328,1636,558,1.0,1238.17,0.0,1238.17,610.46
329,198,1555,,726.69,0.0,726.69,342.71
330,1649,1980,1.0,948.41,0.0,948.41,448.3
331,679,935,1.0,1603.22,0.0,1603.22,727.3
332,28,865,1.0,1415.5,5.0,1344.72,628.17
333,1488,1783,2.0,2277.39,20.0,1821.91,1528.64
334,1896,1433,1.0,1380.04,0.0,1380.04,585.75
335,1631,59,1.0,1614.23,30.0,1129.96,313.5
336,94,722,1.0,2008.02,0.0,2008.02,1054.67
337,633,1142,1.0,1455.38,0.0,1455.38,595.94
338,140,1790,1.0,1550.36,0.0,1550.36,654.58
339,1067,483,3.0,1937.09,15.0,1646.53,2118.75
340,1321,111,2.0,1177.38,0.0,1177.38,1298.9
341,118,1819,1.0,1279.12,15.0,1087.25,506.79
342,541,384,2.0,1109.97,0.0,1109.97,1037.1
343,1554,270,1.0,557.33,30.0,390.13,101.0
344,1185,1368,1.0,768.23,10.0,691.41,279.82
345,1283,458,1.0,2046.35,0.0,2046.35,949.92
346,299,1286,2.0,1588.9,0.0,1588.9,1731.9
347,1489,966,1.0,2372.01,0.0,2372.01,958.53
348,1093,57,1.0,2368.47,0.0,2368.47,988.99
349,1017,844,1.0,1028.87,20.0,823.1,245.86
350,943,1161,2.0,2259.62,10.0,2033.66,1555.08
351,480,1651,1.0,772.92,15.0,656.98,291.85
352,914,480,1.0,972.6,0.0,972.6,446.91
353,345,1616,1.0,1274.77,0.0,1274.77,551.94
354,460,215,1.0,1936.56,0.0,1936.56,1025.67
355,928,890,1.0,1820.77,0.0,1820.77,727.75
356,513,1488,2.0,1258.52,0.0,1258.52,1114.52
357,1909,353,1.0,944.19,0.0,944.19,400.43
358,1088,450,2.0,2003.41,0.0,2003.41,1776.28
359,1797,989,1.0,2010.73,0.0,2010.73,1140.63
360,70,327,2.0,1673.98,0.0,1673.98,1863.9
361,802,1772,1.0,2059.35,0.0,2059.35,1071.27
362,1557,1801,1.0,461.61,15.0,392.37,180.64
363,1611,96,1.0,2398.83,0.0,2398.83,1383.42
364,1228,222,1.0,1403.42,0.0,1403.42,670.55
365,604,1627,1.0,1973.11,0.0,1973.11,1131.86
366,262,1231,1.0,675.78,5.0,641.99,269.79
367,1211,1650,1.0,1890.03,0.0,1890.03,1034.55
368,511,48,1.0,1023.18,20.0,818.54,333.74
369,222,480,1.0,972.6,5.0,923.97,398.28
370,34,1871,1.0,2183.03,0.0,2183.03,1099.51
371,353,1380,2.0,1420.5,0.0,1420.5,1618.52
372,516,510,1.0,1058.79,0.0,1058.79,437.4
373,545,1097,1.0,2236.97,0.0,2236.97,1229.49
374,908,1794,1.0,334.41,5.0,317.69,173.41
375,370,118,1.0,2288.53,15.0,1945.25,943.97
376,1562,262,2.0,2355.95,0.0,2355.95,2059.52
377,1306,487,1.0,2269.74,0.0,2269.74,1281.73
378,1335,1308,1.0,760.12,0.0,760.12,303.97
379,1238,1408,1.0,2031.15,0.0,2031.15,967.62
380,397,598,1.0,1770.71,0.0,1770.71,796.81
381,867,244,1.0,2271.24,5.0,2157.68,1058.88
382,461,351,1.0,775.06,0.0,775.06,392.56
383,1105,1800,2.0,304.83,0.0,304.83,336.96
384,1583,636,1.0,836.5,15.0,711.02,212.9
385,445,789,1.0,2042.71,0.0,2042.71,887.12
386,162,800,1.0,585.36,30.0,409.75,145.07
387,683,300,2.0,1269.44,15.0,1079.02,806.74
388,848,390,3.0,1267.9,0.0,1267.9,1537.35
389,1180,232,1.0,2317.18,0.0,2317.18,1061.66
390,570,298,2.0,1280.25,0.0,1280.25,1081.7
391,684,1638,1.0,2134.57,0.0,2134.57,1017.66
392,976,1507,1.0,874.95,5.0,831.2,376.82
393,1447,1619,1.0,1863.31,0.0,1863.31,957.3
394,287,839,1.0,2158.32,0.0,2158.32,1058.3
395,868,227,2.0,1036.98,30.0,725.89,568.28
396,162,459,1.0,1187.48,10.0,1068.73,419.6
397,655,71,1.0,1816.43,15.0,1543.97,540.73
398,363,194,1.0,1321.09,0.0,1321.09,632.2
399,834,1089,1.0,711.11,0.0,711.11,361.76
400,648,1714,1.0,559.89,0.0,559.89,309.55
401,372,300,2.0,1269.44,0.0,1269.44,1187.58
402,1580,1858,1.0,1841.96,5.0,1749.86,851.9
403,1040,1684,1.0,1256.4,0.0,1256.4,592.23
404,832,724,,2027.02,10.0,1824.32,741.83
405,1508,831,1.0,2090.66,10.0,1881.59,923.07
406,232,1384,1.0,2392.54,10.0,2153.29,1143.77
407,1107,1527,1.0,2384.19,5.0,2264.98,947.77
408,690,1814,1.0,1474.35,10.0,1326.92,640.24
409,651,1374,1.0,2202.19,30.0,1541.53,279.16
410,1283,316,2.0,2245.3,0.0,2245.3,2391.14
411,268,1639,2.0,2223.8,15.0,1890.23,1312.0
412,55,1187,1.0,2335.63,,1985.29,596.75
413,102,302,2.0,881.75,0.0,881.75,993.86
414,460,657,1.0,897.68,0.0,897.68,344.25
415,236,1322,1.0,2277.28,0.0,2277.28,1129.65
416,1769,12,1.0,862.89,0.0,862.89,406.14
417,49,1574,1.0,907.16,0.0,907.16,409.79
418,1663,1083,1.0,528.16,0.0,528.16,261.49
419,1538,1190,1.0,1101.4,0.0,1101.4,584.86
420,1072,1893,1.0,1360.96,0.0,1360.96,687.61
421,852,425,1.0,534.86,0.0,534.86,225.94
422,1495,28,1.0,919.59,0.0,919.59,364.13
423,1633,1272,1.0,804.32,15.0,683.67,227.05
424,675,813,1.0,2411.41,10.0,2170.27,763.28
425,1975,119,1.0,1235.83,5.0,1174.04,483.0
426,1725,456,2.0,1781.53,20.0,1425.22,1149.92
427,1646,1910,0.0,490.72,20.0,392.58,105.67
428,1178,1609,2.0,608.42,0.0,608.42,547.8
429,1928,1424,1.0,2066.58,0.0,2066.58,936.15
430,800,1442,1.0,788.28,0.0,788.28,385.41
431,1736,1946,1.0,1950.76,0.0,1950.76,914.44
432,1085,93,1.0,1857.45,0.0,1857.45,1024.28
433,1131,1781,1.0,1307.98,0.0,1307.98,534.34
434,912,1233,1.0,1782.54,0.0,1782.54,711.31
435,319,160,1.0,1766.78,0.0,1766.78,1013.05
436,342,169,1.0,542.25,0.0,542.25,310.59
437,1732,201,1.0,1553.31,0.0,1553.31,838.09
438,484,1592,1.0,1943.03,0.0,1943.03,976.14
439,1553,745,1.0,2367.03,30.0,1656.92,352.65
440,737,188,1.0,643.71,0.0,643.71,281.83
441,385,1541,2.0,486.17,0.0,486.17,516.26
442,700,981,1.0,1503.37,,1503.37,626.05
443,1193,491,2.0,1384.97,0.0,1384.97,1541.02
444,1821,1103,1.0,598.48,10.0,538.63,238.97
445,215,343,2.0,2457.03,10.0,2211.33,2025.98
446,558,807,1.0,1435.06,0.0,1435.06,661.32
447,1911,645,1.0,1457.3,5.0,1384.44,482.32
448,996,103,1.0,2211.22,0.0,2211.22,1258.03
449,1120,475,1.0,1238.11,10.0,1114.3,532.86
450,1759,540,2.0,1804.53,15.0,1533.85,1478.24
451,1479,1225,2.0,1697.22,0.0,1697.22,1588.06
452,1020,1281,2.0,1740.26,15.0,1479.22,1272.86
453,1681,337,2.0,2228.38,15.0,1894.12,1660.34
454,1376,1610,1.0,1296.48,0.0,1296.48,689.33
455,909,1590,1.0,1295.56,10.0,1166.0,420.59
456,1474,69,1.0,1618.37,30.0,1132.86,395.26
457,319,1371,1.0,1598.41,,1518.49,843.07
458,1233,1850,1.0,1412.66,0.0,1412.66,665.17
459,898,324,1.0,1346.46,5.0,1279.14,568.46
460,744,581,1.0,1343.26,0.0,1343.26,529.59
461,777,1250,2.0,2330.46,0.0,2330.46,2287.2
462,1750,454,1.0,460.26,10.0,414.23,161.14
463,1128,1489,1.0,1084.52,20.0,867.62,326.31
464,591,1950,2.0,2041.9,0.0,2041.9,2351.68
465,1316,1489,1.0,1084.52,20.0,867.62,326.31
466,1609,1423,0.0,2032.06,0.0,2032.06,828.51
467,442,273,2.0,1487.75,15.0,1264.59,790.9
468,1653,1409,2.0,1140.09,0.0,1140.09,1009.56
469,903,945,1.0,383.56,0.0,383.56,162.61
470,1203,1673,1.0,656.19,,656.19,379.75
471,387,1190,1.0,1101.4,0.0,1101.4,584.86
472,1372,1462,1.0,2263.19,0.0,2263.19,1221.84
473,393,48,2.0,1023.18,0.0,1023.18,1076.76
474,1457,1858,1.0,1841.96,10.0,1657.76,759.8
475,1646,881,1.0,2293.84,0.0,2293.84,1225.0
476,352,1557,1.0,2164.81,0.0,2164.81,937.45
477,18,1759,1.0,2191.96,0.0,2191.96,869.63
478,1431,1928,1.0,2439.36,0.0,2439.36,1005.53
479,543,1385,1.0,1517.95,0.0,1517.95,696.87
480,1167,921,1.0,1765.93,15.0,1501.04,411.04
481,496,1656,3.0,1085.35,10.0,976.82,1528.83
482,1903,654,1.0,2000.05,0.0,2000.05,878.73
483,280,160,1.0,1766.78,5.0,1678.44,924.71
484,447,1303,2.0,1861.37,15.0,1582.16,1289.46
485,1131,1670,1.0,1635.57,5.0,1553.79,834.43
486,1964,1128,1.0,1384.01,20.0,1107.21,341.96
487,72,1170,1.0,1116.69,0.0,1116.69,443.12
488,735,446,,497.18,5.0,472.32,237.03
489,1174,1285,2.0,2207.9,0.0,2207.9,1796.5
490,1780,883,1.0,997.79,10.0,898.01,405.66
491,610,1242,1.0,1210.39,30.0,847.27,224.22
492,1256,20,1.0,2451.54,10.0,2206.39,1054.67
493,1436,1484,2.0,2327.92,0.0,2327.92,2134.2
494,1189,1286,1.0,1588.9,5.0,1509.46,786.51
495,650,62,2.0,1658.59,0.0,1658.59,1477.82
496,655,747,1.0,1495.36,0.0,1495.36,783.77
497,1184,756,1.0,548.48,0.0,548.48,253.3
498,136,986,1.0,1669.21,10.0,1502.29,655.93
499,101,650,1.0,591.48,5.0,561.91,227.57
500,697,47,2.0,1272.0,0.0,1272.0,968.16
501,290,826,1.0,1950.62,20.0,1560.5,578.59
502,167,1756,2.0,611.59,0.0,611.59,596.02
503,93,1028,1.0,842.53,0.0,842.53,460.84
504,310,385,1.0,726.03,0.0,726.03,398.55
505,428,1655,2.0,499.45,0.0,499.45,391.54
506,197,618,1.0,1347.0,0.0,1347.0,678.26
507,614,185,1.0,2255.52,0.0,2255.52,1281.71
508,878,1513,1.0,2292.55,,2292.55,1006.64
509,238,227,1.0,1036.98,10.0,933.28,491.53
510,1074,1764,2.0,1740.27,10.0,1566.24,1664.54
511,1908,1875,1.0,2496.37,0.0,2496.37,1276.8
512,298,95,1.0,2027.0,0.0,2027.0,828.15
513,1962,1029,3.0,1059.53,0.0,1059.53,1383.69
514,1051,1579,1.0,1306.88,0.0,1306.88,552.82
515,1913,1641,1.0,531.0,30.0,371.7,139.68
516,1668,56,1.0,1659.29,0.0,1659.29,663.78
517,1835,1244,2.0,2098.93,0.0,2098.93,1626.0
518,5927,702,1.0,375.02,10.0,337.52,116.93
519,292,660,1.0,2081.63,30.0,1457.14,278.38
520,1461,876,1.0,1165.84,0.0,1165.84,449.79
521,156,1819,2.0,1279.12,15.0,1087.25,1013.58
522,1245,783,1.0,539.25,0.0,539.25,242.61
523,722,3,1.0,1918.95,0.0,1918.95,796.44
524,363,1853,1.0,1656.71,0.0,1656.71,945.75
525,978,730,1.0,582.26,0.0,582.26,278.4
526,1276,1141,2.0,1933.84,0.0,1933.84,2194.14
527,1943,499,1.0,1953.31,0.0,1953.31,845.37
528,422,981,2.0,1503.37,5.0,1428.2,1101.76
529,1267,1099,2.0,889.48,0.0,889.48,678.48
530,1524,191,1.0,2425.53,10.0,2182.98,745.44
531,941,177,1.0,2222.8,0.0,2222.8,1135.62
532,1584,1923,1.0,626.54,0.0,626.54,314.27
533,1687,1356,2.0,1315.55,0.0,1315.55,1331.36
534,1673,1611,1.0,466.87,30.0,326.81,116.91
535,293,97,1.0,2059.55,0.0,2059.55,1098.25
536,1044,839,1.0,2158.32,0.0,2158.32,1058.3
537,1595,342,1.0,1585.89,30.0,1110.12,224.9
538,412,1275,1.0,730.9,0.0,730.9,416.04
539,788,1007,1.0,1433.9,0.0,1433.9,692.34
540,287,1936,1.0,1149.86,0.0,1149.86,545.14
541,984,31,3.0,1947.3,30.0,1363.11,1523.76
542,1552,1527,-1.0,2384.19,0.0,2384.19,1066.98
543,1495,1599,2.0,666.08,10.0,599.47,613.06
544,626,1082,1.0,2346.79,20.0,1877.43,859.33
545,1671,1543,1.0,2431.15,0.0,2431.15,1301.2
546,248,910,1.0,708.72,0.0,708.72,368.06
547,561,77,1.0,568.3,30.0,397.81,50.47
548,3307,907,1.0,985.32,5.0,936.05,421.64
549,1196,27,1.0,1175.83,15.0,999.46,418.23
550,724,772,1.0,2060.25,0.0,2060.25,852.11
551,1618,872,1.0,2097.34,10.0,1887.61,704.33
552,688,1616,1.0,1274.77,10.0,1147.29,424.46
553,978,1086,1.0,387.54,0.0,387.54,190.4
554,13,1981,2.0,631.11,0.0,631.11,626.52
555,259,1546,1.0,2249.39,0.0,2249.39,885.36
556,392,1962,1.0,1306.26,0.0,1306.26,606.07
557,1860,1473,1.0,507.21,0.0,507.21,249.81
558,616,645,1.0,1457.3,20.0,1165.84,263.72
559,984,362,1.0,1997.24,0.0,1997.24,860.63
560,1979,197,1.0,2166.25,0.0,2166.25,1025.36
561,535,1549,1.0,399.71,15.0,339.75,102.79
562,75,1942,1.0,590.43,0.0,590.43,263.54
563,1825,192,1.0,1182.92,30.0,828.04,254.43
564,770,1848,2.0,1055.95,5.0,1003.15,1088.82
565,1002,655,1.0,1226.58,10.0,1103.92,444.15
566,1279,269,1.0,1241.52,0.0,1241.52,718.53
567,536,46,2.0,2130.97,15.0,1811.32,1191.34
568,287,992,2.0,1716.26,10.0,1544.63,1472.54
569,349,524,1.0,1620.01,0.0,1620.01,880.55
570,1966,1111,1.0,1539.6,15.0,1308.66,466.72
571,1731,231,1.0,462.63,,462.63,205.98
572,365,1285,2.0,2207.9,10.0,1987.11,1354.92
573,126,874,1.0,2357.03,0.0,2357.03,947.45
574,536,1550,1.0,1024.88,0.0,1024.88,417.79
575,1229,323,1.0,806.39,0.0,806.39,360.01
576,898,10,1.0,2378.59,0.0,2378.59,1011.58
577,1285,1314,1.0,1604.32,10.0,1443.89,702.17
578,44,758,1.0,615.41,10.0,553.87,195.66
579,1749,1051,1.0,2352.41,0.0,2352.41,1030.65
580,107,105,1.0,1360.45,30.0,952.32,199.89
581,1235,1613,1.0,1086.04,0.0,1086.04,458.95
582,538,1752,1.0,2062.81,0.0,2062.81,938.13
583,1633,1329,1.0,2030.97,15.0,1726.32,522.65
584,271,278,1.0,1957.1,0.0,1957.1,812.95
585,1933,1094,1.0,310.7,0.0,310.7,148.61
586,110,622,1.0,1492.53,10.0,1343.28,653.4
587,1895,164,2.0,2221.68,0.0,2221.68,1731.82
588,1243,790,1.0,1695.45,0.0,1695.45,649.56
589,977,1699,1.0,1545.12,0.0,1545.12,816.12
590,186,900,1.0,2428.31,10.0,2185.48,827.21
591,401,1449,1.0,1267.41,10.0,1140.67,392.93
592,572,1861,1.0,1426.9,0.0,1426.9,715.64
593,131,1080,1.0,1657.0,0.0,1657.0,825.41
594,1266,1460,1.0,2296.84,10.0,2067.16,778.23
595,540,1080,1.0,1657.0,0.0,1657.0,825.41
596,972,1220,1.0,770.83,0.0,770.83,424.37
597,297,1507,1.0,874.95,15.0,743.71,289.33
598,1574,151,1.0,303.68,15.0,258.13,91.99
599,953,702,1.0,375.02,0.0,375.02,154.43
600,1064,1677,0.0,1342.65,10.0,1208.39,421.56
601,59,132,1.0,1271.09,5.0,1207.54,474.5
602,341,119,2.0,1235.83,0.0,1235.83,1089.58
603,1047,1922,1.0,1626.33,0.0,1626.33,687.24
604,841,859,1.0,2147.74,20.0,1718.19,794.92
605,1733,1919,1.0,1304.55,0.0,1304.55,551.07
606,307,1986,1.0,1169.7,0.0,1169.7,525.56
607,1753,1381,1.0,387.09,0.0,387.09,181.79
608,1315,399,2.0,1026.21,0.0,1026.21,1068.18
609,1504,1748,1.0,2078.48,0.0,2078.48,1138.27
610,364,598,1.0,1770.71,5.0,1682.17,708.27
611,174,1155,1.0,1058.63,30.0,741.04,273.8
612,1755,1228,1.0,2110.66,5.0,2005.13,898.51
613,549,937,1.0,319.67,15.0,271.72,124.26
614,665,1283,1.0,1490.05,5.0,1415.55,547.91
615,827,86,2.0,1091.37,0.0,1091.37,1208.98
616,228,1383,1.0,581.39,0.0,581.39,306.73
617,1709,1832,1.0,2234.44,20.0,1787.55,716.0
618,1668,1965,1.0,829.07,0.0,829.07,444.2
619,14,1702,1.0,830.18,0.0,830.18,416.45
620,1446,1010,1.0,1012.97,0.0,1012.97,456.43
621,543,1104,2.0,697.34,0.0,697.34,583.68
622,1525,879,1.0,1913.97,0.0,1913.97,752.11
623,379,1247,1.0,2379.0,0.0,2379.0,947.76
624,1787,1141,3.0,1933.84,0.0,1933.84,3291.21
625,1112,1804,1.0,670.93,20.0,536.74,202.78
626,1986,592,1.0,1873.28,15.0,1592.29,699.53
627,130,1585,2.0,956.75,30.0,669.72,165.22
628,775,5976,1.0,1207.16,15.0,1026.09,296.27
629,1619,1340,2.0,1498.59,5.0,1423.66,1413.92
630,1188,1063,2.0,930.23,20.0,744.18,415.16
631,1501,1030,1.0,871.86,0.0,871.86,363.84
632,1561,1637,1.0,1197.24,0.0,1197.24,692.55
633,210,445,2.0,1922.88,0.0,1922.88,1746.7
634,749,213,1.0,807.2,15.0,686.12,283.05
635,222,734,2.0,1002.63,5.0,952.5,827.04
636,590,79,1.0,757.28,0.0,757.28,322.4
637,837,684,1.0,2294.53,10.0,2065.08,910.94
638,782,57,1.0,2368.47,0.0,2368.47,988.99
639,1351,1357,3.0,1175.89,0.0,1175.89,1859.22
640,1204,996,1.0,2365.0,5.0,2246.75,1200.06
641,1284,1027,1.0,1844.29,10.0,1659.86,537.72
642,311,1917,2.0,1716.24,0.0,1716.24,1775.1
643,500,713,2.0,1922.71,0.0,1922.71,1476.3
644,1150,1718,1.0,2048.68,0.0,2048.68,1185.09
645,1514,665,1.0,2150.21,0.0,2150.21,1090.37
646,1324,4569,1.0,375.02,15.0,318.77,98.18
647,1485,822,2.0,1877.92,0.0,1877.92,1563.3
648,73,164,1.0,2221.68,0.0,2221.68,865.91
649,871,297,1.0,1888.31,0.0,1888.31,994.96
650,538,614,0.0,636.51,,604.68,633.98
651,1695,635,1.0,2102.28,20.0,1681.82,581.23
652,1378,682,1.0,1556.1,0.0,1556.1,647.92
653,1844,379,1.0,659.76,5.0,626.77,265.57
654,1815,733,1.0,895.26,0.0,895.26,463.96
655,652,1339,1.0,1508.75,0.0,1508.75,808.22
656,1334,1745,1.0,924.44,0.0,924.44,448.1
657,1402,554,1.0,1501.87,10.0,1351.68,491.94
658,1660,1735,3.0,893.33,0.0,893.33,1353.03
659,1825,414,2.0,391.24,0.0,391.24,395.34
660,1463,234,1.0,1762.85,30.0,1233.99,420.52
661,1001,780,1.0,716.37,0.0,716.37,300.49
662,1424,1390,3.0,417.21,20.0,333.77,283.59
663,983,1572,2.0,1012.98,15.0,861.03,544.02
664,131,1300,2.0,1604.95,5.0,1524.7,1665.5
665,1537,1077,2.0,478.21,0.0,478.21,378.48
666,1889,1249,2.0,742.39,0.0,742.39,589.9
667,80,274,1.0,734.79,10.0,661.31,235.35
668,374,420,2.0,1145.95,0.0,1145.95,1204.48
669,1895,1835,1.0,1236.31,5.0,1174.49,488.97
670,277,1871,2.0,2183.03,0.0,2183.03,2199.02
671,797,1964,1.0,2320.1,0.0,2320.1,1302.9
672,337,537,1.0,1147.64,0.0,1147.64,545.11
673,1466,1727,1.0,2011.1,0.0,2011.1,781.95
674,1713,490,1.0,640.83,0.0,640.83,269.17
675,1618,1470,1.0,749.06,0.0,749.06,386.18
676,744,1600,1.0,1232.01,15.0,1047.21,498.97
677,1775,706,1.0,1188.39,0.0,1188.39,488.01
678,313,1110,1.0,931.71,0.0,931.71,430.97
679,1690,270,1.0,557.33,0.0,557.33,268.2
680,1608,1797,3.0,2349.12,0.0,2349.12,2946.03
681,836,344,1.0,2293.08,10.0,2063.77,785.82
682,1601,1712,1.0,2277.77,10.0,2049.99,1026.24
683,70,339,2.0,816.17,0.0,816.17,626.62
684,864,186,2.0,2390.35,0.0,2390.35,2758.26
685,889,1965,-1.0,829.07,0.0,829.07,444.2
686,278,444,2.0,1657.57,0.0,1657.57,1503.58
687,263,1898,1.0,2405.06,20.0,1924.05,811.25
688,1202,919,1.0,1787.73,0.0,1787.73,688.48
689,576,359,1.0,1337.9,5.0,1271.01,603.88
690,1274,1616,1.0,1274.77,0.0,1274.77,551.94
691,1104,569,1.0,2273.33,0.0,2273.33,934.84
692,1902,1940,2.0,565.55,0.0,565.55,614.58
693,996,1482,2.0,2031.66,0.0,2031.66,2097.4
694,1430,429,2.0,2316.01,15.0,1968.61,1933.72
695,1045,879,1.0,1913.97,30.0,1339.78,177.92
696,1602,493,1.0,2036.68,0.0,2036.68,918.7
697,326,1029,1.0,1059.53,20.0,847.62,249.32
698,736,895,2.0,602.32,0.0,602.32,611.14
699,576,1915,1.0,445.29,5.0,423.03,210.29
700,828,1143,1.0,952.45,10.0,857.2,322.65
701,383,1315,1.0,1103.54,20.0,882.83,316.56
702,1150,918,1.0,1394.92,5.0,1325.17,694.46
703,1472,732,1.0,2021.65,0.0,2021.65,1164.21
704,866,477,1.0,1424.79,0.0,1424.79,679.28
705,1336,494,2.0,1595.64,0.0,1595.64,1347.0
706,1198,1720,1.0,846.65,0.0,846.65,352.26
707,762,815,1.0,1687.7,0.0,1687.7,694.59
708,1068,1052,1.0,1697.47,0.0,1697.47,942.63
709,899,613,3.0,1856.71,0.0,1856.71,2950.38
710,1500,1503,1.0,657.41,0.0,657.41,339.82
711,69,4455,1.0,1180.53,0.0,1180.53,501.67
712,1919,1372,1.0,1633.82,15.0,1388.75,556.39
713,750,1519,2.0,341.16,0.0,341.16,317.02
714,410,585,1.0,1515.88,0.0,1515.88,844.73
715,804,140,1.0,1692.67,0.0,1692.67,644.54
716,905,523,2.0,1222.75,15.0,1039.34,974.0
717,1987,514,2.0,1733.25,5.0,1646.59,1527.24
718,1685,1014,1.0,874.25,0.0,874.25,439.0
719,1440,891,2.0,348.33,20.0,278.66,167.24
720,1145,1309,1.0,1244.27,0.0,1244.27,489.69
721,1585,1125,2.0,2133.05,15.0,1813.09,994.02
722,1086,1139,3.0,916.9,0.0,916.9,1379.4
723,91,1127,1.0,557.79,30.0,390.45,101.32
724,1337,831,1.0,2090.66,0.0,2090.66,1132.14
725,1406,225,1.0,2098.67,20.0,1678.94,465.53
726,839,645,1.0,1457.3,0.0,1457.3,555.18
727,1337,1579,1.0,1306.88,10.0,1176.19,422.13
728,1843,1638,1.0,2134.57,0.0,2134.57,1017.66
729,255,778,1.0,2051.68,0.0,2051.68,932.69
730,1507,30,1.0,1980.19,0.0,1980.19,903.36
731,42,1543,1.0,2431.15,0.0,2431.15,1301.2
732,480,889,1.0,1761.6,0.0,1761.6,787.46
733,1190,1049,2.0,1276.34,,1276.34,1046.26
734,1783,1828,1.0,1581.17,0.0,1581.17,689.37
735,1770,340,1.0,696.15,,661.34,287.08
736,1691,1790,1.0,1550.36,0.0,1550.36,654.58
737,897,461,1.0,791.98,0.0,791.98,304.68
738,1910,519,1.0,2323.37,10.0,2091.03,951.86
739,601,79,2.0,757.28,0.0,757.28,644.8
740,1745,233,2.0,1943.97,30.0,1360.78,652.38
741,1730,244,1.0,2271.24,0.0,2271.24,1172.44
742,1484,1922,1.0,1626.33,0.0,1626.33,687.24
743,1195,1998,1.0,2170.06,0.0,2170.06,1114.86
744,1386,522,1.0,2349.44,30.0,1644.61,253.49
745,1474,154,2.0,2074.64,5.0,1970.91,1456.84
746,612,1046,1.0,336.08,0.0,336.08,154.82
747,965,1516,2.0,833.31,5.0,791.64,674.42
748,536,1578,1.0,1885.25,0.0,1885.25,781.66
749,328,596,1.0,1687.16,5.0,1602.8,837.02
750,147,1681,1.0,483.82,15.0,411.25,199.07
751,1173,833,1.0,1293.05,0.0,1293.05,525.59
752,1303,1706,1.0,1167.89,0.0,1167.89,507.81
753,765,636,3.0,836.5,10.0,752.85,764.19
754,1049,590,1.0,821.24,0.0,821.24,411.69
755,6,32,1.0,861.84,0.0,861.84,386.51
756,1181,981,2.0,1503.37,0.0,1503.37,1252.1
757,281,1034,1.0,1329.16,0.0,1329.16,764.38
758,1001,1268,1.0,1652.61,0.0,1652.61,926.07
759,194,418,1.0,728.59,5.0,692.16,305.5
760,1403,1156,1.0,1534.81,0.0,1534.81,591.58
761,1992,1560,2.0,1401.43,0.0,1401.43,1204.9
762,1174,1327,1.0,964.11,0.0,964.11,489.34
763,1290,615,2.0,2190.68,10.0,1971.61,1576.74
764,379,1212,1.0,598.79,10.0,538.91,171.69
765,1981,54,1.0,912.4,10.0,821.16,259.94
766,1056,1885,1.0,2118.15,15.0,1800.43,526.84
767,174,664,1.0,1514.46,10.0,1363.01,561.7
768,968,1389,1.0,1075.19,10.0,967.67,404.57
769,1552,1073,,2198.59,10.0,1978.73,694.28
770,138,1073,1.0,2198.59,5.0,2088.66,804.21
771,788,11,1.0,1341.48,0.0,1341.48,729.91
772,1501,1435,1.0,321.47,10.0,289.32,150.84
773,355,971,1.0,2213.63,20.0,1770.9,586.68
774,1935,1743,2.0,2235.88,15.0,1900.5,1335.52
775,1797,1221,1.0,1937.81,0.0,1937.81,771.39
776,4362,489,2.0,1534.09,10.0,1380.68,1126.76
777,481,822,1.0,1877.92,0.0,1877.92,781.65
778,1397,971,1.0,2213.63,,2213.63,1029.41
779,721,1555,2.0,726.69,10.0,654.02,540.08
780,1604,1318,1.0,1288.73,0.0,1288.73,686.01
781,754,1371,1.0,1598.41,20.0,1278.73,603.31
782,576,1657,1.0,360.26,15.0,306.22,88.25
783,1774,1786,1.0,1834.29,5.0,1742.58,824.94
784,1872,1609,2.0,608.42,10.0,547.58,426.12
785,1525,812,-1.0,500.82,0.0,500.82,200.91
786,5247,1555,1.0,726.69,15.0,617.69,233.71
787,249,715,2.0,1398.23,0.0,1398.23,1210.58
788,1599,1396,1.0,1876.62,20.0,1501.3,658.76
789,813,310,1.0,1848.08,0.0,1848.08,737.76
790,1488,1584,1.0,1284.43,0.0,1284.43,586.97
791,1777,41,1.0,895.32,5.0,850.55,410.1
792,869,1772,2.0,2059.35,5.0,1956.38,1936.6
793,635,1580,1.0,1499.72,0.0,1499.72,801.67
794,835,1502,2.0,1432.08,15.0,1217.27,784.94
795,738,916,1.0,438.75,0.0,438.75,168.42
796,1693,1424,2.0,2066.58,5.0,1963.25,1665.64
797,176,2,2.0,1342.86,0.0,1342.86,1522.4
798,91,1397,1.0,917.43,0.0,917.43,377.36
799,793,1469,1.0,1942.59,5.0,1845.46,819.44
800,585,1912,1.0,781.62,15.0,664.38,211.66
801,426,1009,1.0,1922.96,0.0,1922.96,1016.18
802,1871,1674,1.0,1044.92,10.0,940.43,500.39
803,146,888,1.0,413.12,0.0,413.12,193.68
804,1440,4,1.0,2030.21,0.0,2030.21,916.85
805,235,1938,1.0,1561.52,5.0,1483.44,560.71
806,1423,889,1.0,1761.6,0.0,1761.6,787.46
807,1351,242,1.0,1622.59,0.0,1622.59,786.79
808,10,1336,,1931.33,0.0,1931.33,908.75
809,1954,834,2.0,414.91,0.0,414.91,427.08
810,1045,987,1.0,2422.13,0.0,2422.13,1110.13
811,1977,679,3.0,1253.14,0.0,1253.14,2011.47
812,141,1062,1.0,2330.96,15.0,1981.32,697.97
813,224,135,1.0,1481.94,15.0,1259.65,383.33
814,897,768,2.0,2484.55,0.0,2484.55,1908.56
815,1533,1736,2.0,481.79,0.0,481.79,392.12
816,691,1126,1.0,2208.41,0.0,2208.41,852.85
817,23,1621,1.0,1880.06,0.0,1880.06,809.61
818,1112,1922,2.0,1626.33,0.0,1626.33,1374.48
819,1350,771,2.0,1628.42,10.0,1465.58,1313.8
820,948,508,1.0,2360.54,0.0,2360.54,1061.15
821,793,1374,2.0,2202.19,0.0,2202.19,1879.64
822,496,999,1.0,2076.58,0.0,2076.58,807.22
823,1338,629,1.0,2327.64,0.0,2327.64,1094.38
824,40,1616,1.0,1274.77,,1274.77,551.94
825,519,107,1.0,769.13,0.0,769.13,330.27
826,1087,303,1.0,1130.85,0.0,1130.85,618.72
827,1343,136,2.0,1174.55,5.0,1115.82,1016.54
828,1301,225,1.0,2098.67,0.0,2098.67,885.26
829,636,192,1.0,1182.92,10.0,1064.63,491.02
830,260,1302,1.0,529.27,0.0,529.27,239.17
831,1636,38,1.0,2224.99,30.0,1557.49,433.85
832,1506,222,2.0,1403.42,0.0,1403.42,1341.1
833,451,655,3.0,1226.58,0.0,1226.58,1700.43
834,1863,1057,1.0,2105.73,0.0,2105.73,949.45
835,1381,335,1.0,411.62,5.0,391.04,165.87
836,675,1791,1.0,984.91,0.0,984.91,508.22
837,1911,587,2.0,1900.12,15.0,1615.1,1250.54
838,747,1506,1.0,557.82,10.0,502.04,160.7
839,1041,331,1.0,1236.35,5.0,1174.53,434.39
840,907,1354,1.0,1235.26,5.0,1173.5,436.27
841,1748,1048,1.0,1129.82,30.0,790.87,106.23
842,1795,1572,1.0,1012.98,0.0,1012.98,423.96
843,1647,101,1.0,1330.01,15.0,1130.51,444.68
844,1741,962,2.0,1234.46,0.0,1234.46,970.38
845,1247,1083,1.0,528.16,0.0,528.16,261.49
846,1904,1586,1.0,2110.87,10.0,1899.78,696.3
847,148,1804,1.0,670.93,0.0,670.93,336.97
848,934,378,1.0,1888.15,0.0,1888.15,774.53
849,1106,373,1.0,2159.87,0.0,2159.87,996.98
850,257,1695,1.0,325.63,5.0,309.35,131.97
851,94,710,1.0,2361.83,0.0,2361.83,1116.36
852,626,1613,2.0,1086.04,,1086.04,917.9
853,1431,1677,1.0,1342.65,0.0,1342.65,555.82
854,948,1799,1.0,1191.77,10.0,1072.59,395.76
855,350,596,2.0,1687.16,10.0,1518.44,1505.32
856,244,1284,1.0,855.46,0.0,855.46,481.04
857,42,502,1.0,2406.0,5.0,2285.7,966.37
858,971,8,1.0,2238.47,10.0,2014.62,725.21
859,1740,66,1.0,801.94,0.0,801.94,397.98
860,384,1089,1.0,711.11,15.0,604.44,255.09
861,452,218,1.0,1609.09,,1528.64,722.86
862,1691,642,1.0,1569.82,0.0,1569.82,739.91
863,566,1981,1.0,631.11,20.0,504.89,187.04
864,790,507,1.0,593.07,0.0,593.07,306.73
865,902,570,1.0,325.68,10.0,293.11,117.34
866,429,1520,1.0,317.92,0.0,317.92,181.63
867,1420,1507,2.0,874.95,0.0,874.95,841.14
868,184,1281,1.0,1740.26,0.0,1740.26,897.47
869,885,804,1.0,1232.38,0.0,1232.38,554.6
870,1409,1056,1.0,1249.89,10.0,1124.9,352.84
871,1730,1356,2.0,1315.55,0.0,1315.55,1331.36
872,426,1975,1.0,748.75,0.0,748.75,380.38
873,871,1301,1.0,1064.55,0.0,1064.55,498.87
874,342,730,2.0,582.26,0.0,582.26,556.8
875,1202,3,1.0,1918.95,0.0,1918.95,796.44
876,1288,898,1.0,1533.76,0.0,1533.76,773.06
877,255,945,2.0,383.56,0.0,383.56,325.22
878,1630,630,1.0,2179.31,10.0,1961.38,1003.47
879,689,120,1.0,705.61,0.0,705.61,364.77
880,130,720,1.0,1876.01,0.0,1876.01,894.4
881,663,1962,1.0,1306.26,10.0,1175.63,475.44
882,382,1204,1.0,2281.82,0.0,2281.82,898.64
883,838,1166,1.0,1270.3,0.0,1270.3,633.98
884,703,1481,1.0,1092.11,15.0,928.29,460.9
885,1456,478,1.0,1555.09,0.0,1555.09,702.76
886,1073,833,1.0,1293.05,15.0,1099.09,331.63
887,256,944,1.0,1045.45,0.0,1045.45,564.99
888,423,1861,1.0,1426.9,5.0,1355.56,644.3
889,856,1918,1.0,2410.53,0.0,2410.53,1386.28
890,1092,1767,2.0,622.86,5.0,591.72,613.28
891,570,231,1.0,462.63,30.0,323.84,67.19
892,1673,1534,2.0,1970.62,5.0,1872.09,1879.64
893,735,186,1.0,2390.35,15.0,2031.8,1020.58
894,1360,1470,1.0,749.06,0.0,749.06,386.18
895,6342,527,1.0,692.44,20.0,553.95,164.48
896,523,1632,1.0,2440.71,0.0,2440.71,1122.82
897,974,1666,1.0,2404.04,0.0,2404.04,936.27
898,1796,1458,1.0,1452.49,0.0,1452.49,618.5
899,603,930,1.0,1204.93,,1024.19,323.01
900,97,1954,1.0,760.17,30.0,532.12,206.32
901,483,815,2.0,1687.7,0.0,1687.7,1389.18
902,1756,279,,2002.5,0.0,2002.5,949.02
903,1472,786,1.0,2413.77,10.0,2172.39,1002.53
904,800,502,3.0,2406.0,0.0,2406.0,3260.01
905,609,1819,1.0,1279.12,0.0,1279.12,698.66
906,5160,1717,1.0,1779.38,,1779.38,878.89
907,403,686,,509.42,0.0,509.42,583.38
908,446,395,2.0,2365.37,0.0,2365.37,2050.3
909,1783,1307,1.0,816.95,0.0,816.95,321.85
910,1465,1540,1.0,869.41,0.0,869.41,405.57
911,617,1550,1.0,1024.88,5.0,973.64,366.55
912,673,850,1.0,1011.41,0.0,1011.41,431.88
913,5635,442,1.0,1888.21,0.0,1888.21,936.79
914,660,485,1.0,784.45,5.0,745.23,326.82
915,4937,875,1.0,1623.42,0.0,1623.42,648.19
916,66,845,1.0,369.63,20.0,295.7,85.63
917,512,961,2.0,2406.66,0.0,2406.66,2655.7
918,91,1857,1.0,1958.66,0.0,1958.66,1081.29
919,667,1655,1.0,499.45,,499.45,195.77
920,1632,743,1.0,904.4,,904.4,504.05
921,128,1733,1.0,536.54,0.0,536.54,223.14
922,170,681,1.0,1415.24,0.0,1415.24,728.88
923,639,253,2.0,1676.16,,1592.35,1355.06
924,587,620,1.0,1860.06,0.0,1860.06,788.08
925,358,1661,1.0,780.23,15.0,663.2,216.32
926,486,837,1.0,642.57,0.0,642.57,340.45
927,456,248,1.0,1388.92,0.0,1388.92,784.72
928,4969,1318,2.0,1288.73,15.0,1095.42,985.4
929,1359,1153,1.0,2175.51,20.0,1740.41,493.68
930,1576,469,1.0,572.57,0.0,572.57,218.28
931,1787,1313,1.0,2269.78,5.0,2156.29,1051.62
932,1599,133,2.0,2201.81,5.0,2091.72,1544.36
933,6739,1365,1.0,1997.31,20.0,1597.85,509.71
934,988,545,1.0,619.93,0.0,619.93,297.43
935,1051,1305,1.0,1489.17,0.0,1489.17,762.27
936,205,429,1.0,2316.01,30.0,1621.21,619.46
937,1149,784,1.0,1052.71,5.0,1000.07,484.79
938,57,641,1.0,1173.3,0.0,1173.3,514.23
939,229,971,1.0,2213.63,5.0,2102.95,918.73
940,1929,652,3.0,2054.83,10.0,1849.35,2556.09
941,766,1887,1.0,2002.53,0.0,2002.53,1040.15
942,217,417,1.0,527.95,10.0,475.16,241.83
943,1249,1377,2.0,1365.5,30.0,955.85,638.0
944,835,36,2.0,467.38,5.0,444.01,403.0
945,1283,1651,1.0,772.92,10.0,695.63,330.5
946,201,1345,3.0,1834.78,0.0,1834.78,2560.35
947,842,1115,1.0,2294.4,0.0,2294.4,1070.64
948,249,643,1.0,724.44,0.0,724.44,292.67
949,1316,1371,1.0,1598.41,0.0,1598.41,922.99
950,651,1066,1.0,1472.48,20.0,1177.98,373.67
951,1297,1096,1.0,2481.99,0.0,2481.99,1041.44
952,1299,1400,1.0,1653.82,0.0,1653.82,666.32
953,2,1791,1.0,984.91,10.0,886.42,409.73
954,1928,1903,1.0,851.79,0.0,851.79,450.8
955,1910,110,2.0,1180.86,,1180.86,941.06
956,879,968,2.0,668.74,5.0,635.3,500.76
957,322,1767,1.0,622.86,5.0,591.72,306.64
958,1421,1045,1.0,1195.35,5.0,1135.58,408.03
959,1941,307,-1.0,447.67,0.0,447.67,207.71
960,233,815,1.0,1687.7,5.0,1603.32,610.21
961,814,296,,1983.42,20.0,1586.74,642.22
962,1827,561,1.0,1450.26,0.0,1450.26,595.64
963,161,749,1.0,2009.8,0.0,2009.8,907.37
964,1570,410,1.0,2300.21,0.0,2300.21,1043.1
965,733,521,2.0,883.58,10.0,795.22,769.34
966,266,609,1.0,2170.12,0.0,2170.12,976.83
967,1425,1211,1.0,1996.79,0.0,1996.79,1063.78
968,117,381,1.0,1515.47,0.0,1515.47,768.31
969,100,1270,1.0,2163.47,0.0,2163.47,846.67
970,861,344,3.0,2293.08,0.0,2293.08,3045.39
971,429,505,2.0,1234.8,30.0,864.36,384.12
972,927,1775,1.0,2077.34,0.0,2077.34,1145.54
973,1860,1170,2.0,1116.69,20.0,893.35,439.56
974,1945,1381,2.0,387.09,0.0,387.09,363.58
975,90,1955,1.0,819.5,0.0,819.5,350.01
976,138,1314,1.0,1604.32,15.0,1363.67,621.95
977,470,540,1.0,1804.53,0.0,1804.53,1009.8
978,1479,41,1.0,895.32,0.0,895.32,454.87
979,1709,1698,2.0,848.44,0.0,848.44,753.22
980,778,705,2.0,847.52,0.0,847.52,768.98
981,241,437,1.0,1075.44,5.0,1021.67,389.71
982,1555,645,1.0,1457.3,0.0,1457.3,555.18
983,1091,1713,1.0,2245.31,30.0,1571.72,406.44
984,1678,1491,1.0,1857.9,20.0,1486.32,685.45
985,243,1872,1.0,2166.36,0.0,2166.36,942.69
986,315,269,2.0,1241.52,0.0,1241.52,1437.06
987,1894,164,2.0,2221.68,10.0,1999.51,1287.48
988,766,1907,1.0,2040.99,0.0,2040.99,829.76
989,400,976,1.0,1648.34,0.0,1648.34,896.23
990,874,206,1.0,2031.96,20.0,1625.57,741.69
991,1149,487,1.0,2269.74,10.0,2042.77,1054.76
992,723,500,2.0,466.0,15.0,396.1,275.56
993,1087,1447,1.0,2366.86,20.0,1893.49,816.99
994,253,1176,1.0,433.67,0.0,433.67,250.67
995,1694,1106,1.0,366.71,30.0,256.7,62.18
996,296,1939,1.0,1748.78,30.0,1224.15,474.66
997,1594,32,1.0,861.84,,689.47,214.14
998,31,792,1.0,1180.53,0.0,1180.53,501.67
999,99,1035,2.0,2168.51,0.0,2168.51,2495.36
1000,1475,1518,1.0,2409.74,0.0,2409.74,974.7
1001,389,764,1.0,717.7,0.0,717.7,387.93
1002,1649,1974,1.0,387.21,0.0,387.21,193.51
1003,1115,500,1.0,466.0,0.0,466.0,207.68
1004,1874,1417,1.0,307.36,30.0,215.15,84.29
1005,765,839,1.0,2158.32,0.0,2158.32,1058.3
1006,1874,589,1.0,1740.76,0.0,1740.76,685.42
1007,1954,1450,1.0,1015.4,30.0,710.78,96.8
1008,425,1887,1.0,2002.53,0.0,2002.53,1040.15
1009,999,1459,1.0,1951.85,20.0,1561.48,521.4
1010,1475,1966,1.0,2133.02,15.0,1813.07,627.89
1011,621,764,2.0,717.7,15.0,610.05,560.56
1012,765,1179,1.0,2168.9,0.0,2168.9,863.69
1013,1395,1902,1.0,1284.31,0.0,1284.31,657.03
1014,1832,1611,1.0,466.87,0.0,466.87,256.97
1015,1012,1945,1.0,2414.02,0.0,2414.02,1386.56
1016,1480,1392,1.0,440.92,0.0,440.92,238.19
1017,1045,878,2.0,960.56,0.0,960.56,962.98
1018,667,3270,1.0,1508.12,0.0,1508.12,758.49
1019,1018,236,1.0,2245.5,0.0,2245.5,924.89
1020,1620,1847,1.0,1366.2,0.0,1366.2,750.93
1021,1828,808,2.0,1100.33,0.0,1100.33,1021.18
1022,75,825,1.0,948.48,5.0,901.06,388.95
1023,808,1494,1.0,1360.88,0.0,1360.88,661.33
1024,596,1325,,372.05,0.0,372.05,159.12
1025,1717,703,2.0,398.54,20.0,318.83,292.98
1026,1468,294,2.0,1187.32,0.0,1187.32,1122.14
1027,1052,522,1.0,2349.44,0.0,2349.44,958.32
1028,1255,820,1.0,1133.64,0.0,1133.64,574.28
1029,445,931,1.0,2432.96,0.0,2432.96,1122.24
1030,1457,319,1.0,1760.76,10.0,1584.68,835.24
1031,1341,1077,1.0,478.21,5.0,454.3,165.33
1032,381,1832,1.0,2234.44,0.0,2234.44,1162.89
1033,887,1084,1.0,464.43,10.0,417.99,215.39
1034,467,1311,1.0,2129.54,0.0,2129.54,1159.38
1035,862,1472,1.0,1927.31,15.0,1638.21,456.81
1036,564,1057,2.0,2105.73,0.0,2105.73,1898.9
1037,455,1864,1.0,2452.88,0.0,2452.88,981.7
1038,151,1817,1.0,919.76,0.0,919.76,349.8
1039,1031,1979,1.0,702.51,0.0,702.51,322.33
1040,155,256,3.0,2422.54,5.0,2301.41,3117.12
1041,201,993,3.0,1230.74,0.0,1230.74,1441.26
1042,823,122,1.0,922.18,0.0,922.18,481.44
1043,1064,71,2.0,1816.43,10.0,1634.79,1263.1
1044,1245,1485,1.0,1213.71,10.0,1092.34,479.46
1045,431,166,1.0,1315.63,0.0,1315.63,535.3
1046,1713,557,1.0,2299.77,5.0,2184.78,805.4
1047,1654,1274,2.0,1080.59,0.0,1080.59,953.16
1048,1396,317,1.0,2121.32,0.0,2121.32,1035.02
1049,313,1992,1.0,1437.11,0.0,1437.11,565.07
1050,782,1606,1.0,928.52,0.0,928.52,470.56
1051,404,1146,1.0,2120.62,10.0,1908.56,743.75
1052,996,685,1.0,578.98,0.0,578.98,322.75
1053,1430,880,1.0,1044.22,0.0,1044.22,568.25
1054,1159,498,1.0,698.66,0.0,698.66,290.71
1055,53,155,2.0,1709.03,0.0,1709.03,1618.3
1056,705,633,1.0,2073.82,0.0,2073.82,888.95
1057,1297,532,1.0,614.99,0.0,614.99,325.17
1058,1209,600,1.0,1214.31,0.0,1214.31,584.7
1059,1631,1663,1.0,2095.97,0.0,2095.97,833.25
1060,82,1388,1.0,2269.74,0.0,2269.74,1013.08
1061,1660,1780,1.0,1405.6,0.0,1405.6,663.98
1062,1468,820,2.0,1133.64,20.0,906.91,695.1
1063,434,287,2.0,459.45,0.0,459.45,359.84
1064,1531,1635,1.0,2480.85,0.0,2480.85,1398.35
1065,1516,854,1.0,2427.09,0.0,2427.09,929.83
1066,1357,468,1.0,1679.59,20.0,1343.67,486.86
1067,891,1986,1.0,1169.7,5.0,1111.21,467.07
1068,975,1383,3.0,581.39,0.0,581.39,920.19
1069,397,1003,1.0,1896.9,0.0,1896.9,724.32
1070,6864,1003,1.0,1896.9,30.0,1327.83,155.25
1071,1521,1545,1.0,884.42,0.0,884.42,511.59
1072,840,775,1.0,1003.94,,1003.94,426.94
1073,1350,784,1.0,1052.71,10.0,947.44,432.16
1074,172,1670,1.0,1635.57,10.0,1472.01,752.65
1075,1179,668,1.0,2057.99,0.0,2057.99,821.45
1076,907,1031,1.0,1695.78,20.0,1356.62,637.8
1077,1574,978,1.0,642.28,0.0,642.28,363.75
1078,465,1228,2.0,2110.66,0.0,2110.66,2008.08
1079,1588,1484,1.0,2327.92,15.0,1978.73,717.91
1080,1452,916,1.0,438.75,20.0,351.0,80.67
1081,1428,18,2.0,806.99,0.0,806.99,810.42
1082,263,1176,1.0,433.67,15.0,368.62,185.62
1083,1504,1422,1.0,2000.93,0.0,2000.93,965.31
1084,340,799,1.0,500.11,0.0,500.11,283.41
1085,1808,6286,1.0,1041.7,30.0,729.19,159.65
1086,1487,1501,2.0,553.45,30.0,387.42,303.86
1087,1623,1850,3.0,1412.66,0.0,1412.66,1995.51
1088,1477,1509,1.0,1762.87,,1762.87,748.85
1089,1301,349,1.0,1213.2,0.0,1213.2,522.46
1090,1456,463,2.0,2374.56,5.0,2255.83,2464.28
1091,1252,1432,1.0,1306.82,0.0,1306.82,619.44
1092,1815,307,1.0,447.67,0.0,447.67,207.71
1093,1467,1313,1.0,2269.78,0.0,2269.78,1165.11
1094,92,1823,1.0,1648.36,10.0,1483.52,727.24
1095,1184,389,-1.0,1356.81,0.0,1356.81,645.65
1096,1560,415,1.0,512.03,15.0,435.23,197.2
1097,1505,1926,1.0,2287.96,10.0,2059.16,892.54
1098,265,476,1.0,1952.91,10.0,1757.62,886.68
1099,1545,1464,1.0,2153.26,5.0,2045.6,1030.84
1100,1580,1375,2.0,1977.62,0.0,1977.62,1515.42
1101,1613,1328,1.0,1825.74,0.0,1825.74,760.08
1102,1226,952,1.0,581.88,15.0,494.6,204.81
1103,690,1139,1.0,916.9,0.0,916.9,459.8
1104,1858,1812,1.0,1949.32,0.0,1949.32,961.66
1105,896,748,1.0,1624.66,0.0,1624.66,762.65
1106,1181,114,1.0,1661.36,0.0,1661.36,939.94
1107,498,579,1.0,853.98,0.0,853.98,452.08
1108,325,132,1.0,1271.09,0.0,1271.09,538.05
1109,1858,195,1.0,2028.34,0.0,2028.34,1110.25
1110,347,1194,1.0,1035.01,10.0,931.51,306.99
1111,846,279,1.0,2002.5,0.0,2002.5,949.02
1112,798,660,1.0,2081.63,0.0,2081.63,902.87
1113,913,1994,1.0,1623.41,0.0,1623.41,782.29
1114,1078,1491,1.0,1857.9,20.0,1486.32,685.45
1115,26,474,1.0,1872.75,5.0,1779.11,741.58
1116,3134,1908,1.0,1448.14,30.0,1013.7,350.48
1117,1677,463,1.0,2374.56,0.0,2374.56,1350.87
1118,21,1751,1.0,1574.82,0.0,1574.82,869.93
1119,1036,1457,1.0,1916.81,0.0,1916.81,866.11
1120,392,934,1.0,673.43,15.0,572.42,287.31
1121,1529,135,2.0,1481.94,0.0,1481.94,1211.24
1122,557,1303,1.0,1861.37,0.0,1861.37,923.94
1123,891,781,2.0,1536.86,0.0,1536.86,1688.94
1124,1860,354,2.0,440.68,0.0,440.68,500.0
1125,771,1437,1.0,685.16,30.0,479.61,126.75
1126,262,572,1.0,691.33,0.0,691.33,293.38
1127,1207,1802,2.0,1476.68,0.0,1476.68,1170.7
1128,1245,497,1.0,1764.41,0.0,1764.41,722.03
1129,1625,1876,1.0,2025.26,0.0,2025.26,844.34
1130,643,386,2.0,1591.13,15.0,1352.46,1224.76
1131,1500,156,1.0,795.4,30.0,556.78,218.49
1132,429,806,2.0,885.86,0.0,885.86,951.86
1133,713,875,1.0,1623.42,0.0,1623.42,648.19
1134,755,1616,1.0,1274.77,0.0,1274.77,551.94
1135,1281,806,1.0,885.86,10.0,797.27,387.34
1136,3399,866,1.0,1749.34,0.0,1749.34,886.03
1137,1986,1440,1.0,1798.66,0.0,1798.66,869.41
1138,16,183,2.0,1589.61,15.0,1351.17,1219.4
1139,678,1380,2.0,1420.5,0.0,1420.5,1618.52
1140,122,577,1.0,1130.1,0.0,1130.1,432.42
1141,1797,1668,1.0,2109.28,10.0,1898.35,758.95
1142,1456,1064,1.0,2195.16,20.0,1756.13,551.66
1143,706,1296,2.0,1041.7,0.0,1041.7,944.32
1144,1940,384,1.0,1109.97,0.0,1109.97,518.55
1145,1424,832,1.0,531.34,0.0,531.34,283.86
1146,1179,717,1.0,2299.19,0.0,2299.19,1037.61
1147,1928,531,2.0,1180.84,15.0,1003.71,715.42
1148,574,18,3.0,806.99,0.0,806.99,1215.63
1149,284,642,1.0,1569.82,0.0,1569.82,739.91
1150,687,342,1.0,1585.89,0.0,1585.89,700.67
1151,1831,255,1.0,462.28,0.0,462.28,184.21
1152,1645,879,1.0,1913.97,10.0,1722.57,560.71
1153,1116,128,1.0,928.41,10.0,835.57,399.21
1154,502,1254,1.0,1387.12,,1387.12,778.95
1155,1043,1929,1.0,776.06,0.0,776.06,361.27
1156,425,948,1.0,2195.23,0.0,2195.23,985.12
1157,234,1408,1.0,2031.15,0.0,2031.15,967.62
1158,661,1356,1.0,1315.55,0.0,1315.55,665.68
1159,1645,1641,2.0,531.0,10.0,477.9,491.76
1160,1285,1483,1.0,1360.6,5.0,1292.57,661.5
1161,1991,27,1.0,1175.83,5.0,1117.04,535.81
1162,1453,435,1.0,2242.34,0.0,2242.34,1179.08
1163,1392,11,1.0,1341.48,0.0,1341.48,729.91
1164,699,72,1.0,1911.32,0.0,1911.32,864.18
1165,1496,1890,1.0,1848.97,10.0,1664.07,612.51
1166,425,1552,1.0,726.14,0.0,726.14,342.37
1167,1838,1346,2.0,337.89,0.0,337.89,304.08
1168,845,449,1.0,2148.3,0.0,2148.3,930.14
1169,1994,266,1.0,1363.84,0.0,1363.84,668.88
1170,1916,1096,1.0,2481.99,5.0,2357.89,917.34
1171,993,1703,1.0,1809.37,0.0,1809.37,720.33
1172,1033,153,2.0,1098.88,0.0,1098.88,1070.64
1173,1633,476,1.0,1952.91,10.0,1757.62,886.68
1174,319,1807,1.0,955.53,0.0,955.53,370.14
1175,428,1011,1.0,2381.69,15.0,2024.44,940.5
1176,1439,569,1.0,2273.33,0.0,2273.33,934.84
1177,1496,1884,1.0,848.92,0.0,848.92,424.88
1178,1321,377,1.0,900.92,0.0,900.92,511.53
1179,834,1551,1.0,1501.22,0.0,1501.22,869.16
1180,868,567,1.0,423.64,0.0,423.64,166.45
1181,532,6,1.0,595.33,0.0,595.33,238.8
1182,855,908,1.0,2155.68,0.0,2155.68,903.65
1183,1789,1866,1.0,1096.01,0.0,1096.01,542.73
1184,1278,811,1.0,2486.23,0.0,2486.23,1261.45
1185,100,1944,1.0,2257.02,0.0,2257.02,975.9
1186,1971,643,2.0,724.44,0.0,724.44,585.34
1187,600,633,1.0,2073.82,0.0,2073.82,888.95
1188,1850,960,1.0,1243.79,15.0,1057.22,510.48
1189,776,456,1.0,1781.53,0.0,1781.53,931.27
1190,1275,1833,1.0,1558.13,0.0,1558.13,620.75
1191,1844,323,1.0,806.39,0.0,806.39,360.01
1192,616,828,1.0,1502.72,5.0,1427.58,709.32
1193,1285,929,1.0,645.73,0.0,645.73,254.25
1194,208,789,1.0,2042.71,20.0,1634.17,478.58
1195,736,1341,1.0,1227.7,0.0,1227.7,612.14
1196,1450,1658,1.0,1676.03,0.0,1676.03,927.4
1197,832,1070,2.0,1457.36,0.0,1457.36,1610.88
1198,998,189,1.0,733.85,15.0,623.77,260.13
1199,1959,1381,1.0,387.09,10.0,348.38,143.08
1200,1885,1814,1.0,1474.35,0.0,1474.35,787.67
1201,1973,1486,1.0,1711.59,10.0,1540.43,604.13
1202,621,1631,1.0,2415.18,,2415.18,1012.56
1203,710,141,1.0,2081.29,0.0,2081.29,910.56
1204,957,432,1.0,1882.23,15.0,1599.9,805.25
1205,355,1837,1.0,839.5,0.0,839.5,394.21
1206,5,1093,1.0,2491.34,0.0,2491.34,1104.66
1207,1015,932,1.0,1814.31,0.0,1814.31,1012.23
1208,1820,30,1.0,1980.19,0.0,1980.19,903.36
1209,1069,1755,1.0,2399.82,20.0,1919.86,894.68
1210,834,1805,1.0,1362.52,0.0,1362.52,684.91
1211,1717,1660,1.0,1981.29,0.0,1981.29,827.54
1212,618,1303,0.0,1861.37,15.0,1582.16,644.73
1213,1567,357,1.0,776.98,0.0,776.98,319.45
1214,458,270,1.0,557.33,0.0,557.33,268.2
1215,1221,398,1.0,2417.62,30.0,1692.33,272.69
1216,569,1455,,1459.88,20.0,1167.9,554.33
1217,1322,1197,2.0,2251.42,0.0,2251.42,1946.6
1218,873,1077,1.0,478.21,0.0,478.21,189.24
1219,1666,837,1.0,642.57,0.0,642.57,340.45
1220,865,429,1.0,2316.01,0.0,2316.01,1314.26
1221,351,143,2.0,1691.31,10.0,1522.18,1586.06
1222,1209,713,1.0,1922.71,10.0,1730.44,545.88
1223,374,346,1.0,531.71,0.0,531.71,283.27
1224,91,1560,1.0,1401.43,0.0,1401.43,602.45
1225,243,92,1.0,1549.06,10.0,1394.15,562.86
1226,1854,327,2.0,1673.98,20.0,1339.18,1194.3
1227,1652,1870,1.0,1161.44,0.0,1161.44,451.83
1228,500,337,1.0,2228.38,15.0,1894.12,830.17
1229,1486,1327,1.0,964.11,0.0,964.11,489.34
1230,242,1151,1.0,1921.55,15.0,1633.32,553.2
1231,387,1655,1.0,499.45,0.0,499.45,195.77
1232,115,210,1.0,2432.11,0.0,2432.11,1264.41
1233,884,1697,2.0,2258.19,5.0,2145.28,1849.04
1234,1256,1313,1.0,2269.78,10.0,2042.8,938.13
1235,870,1895,1.0,1584.33,0.0,1584.33,917.85
1236,192,510,3.0,1058.79,0.0,1058.79,1312.2
1237,1684,398,1.0,2417.62,10.0,2175.86,756.22
1238,1208,716,3.0,1442.06,30.0,1009.44,349.35
1239,287,104,3.0,2460.12,0.0,2460.12,4244.61
1240,1915,1741,1.0,493.7,0.0,493.7,243.45
1241,181,23,2.0,2304.41,0.0,2304.41,2548.42
1242,148,949,1.0,371.46,10.0,334.31,107.76
1243,1126,781,3.0,1536.86,20.0,1229.49,1611.3
1244,35,382,3.0,2054.17,0.0,2054.17,2861.58
1245,733,272,1.0,754.05,0.0,754.05,338.85
1246,410,935,1.0,1603.22,15.0,1362.74,486.82
1247,609,372,1.0,1445.28,0.0,1445.28,595.44
1248,1102,1083,1.0,528.16,15.0,448.94,182.27
1249,1805,1421,1.0,321.52,0.0,321.52,132.15
1250,700,1147,1.0,1936.6,0.0,1936.6,831.58
1251,1507,853,1.0,2153.39,0.0,2153.39,889.26
1252,1777,1544,1.0,1813.61,15.0,1541.57,689.23
1253,32,886,2.0,2149.44,5.0,2041.97,2273.86
1254,348,425,3.0,534.86,10.0,481.37,517.35
1255,669,1475,1.0,2267.95,5.0,2154.55,982.43
1256,14,411,1.0,563.17,0.0,563.17,229.59
1257,572,339,1.0,816.17,0.0,816.17,313.31
1258,1331,1884,2.0,848.92,0.0,848.92,849.76
1259,1186,267,1.0,448.97,0.0,448.97,200.06
1260,423,206,2.0,2031.96,5.0,1930.36,2092.96
1261,1734,934,1.0,673.43,5.0,639.76,354.65
1262,1793,320,1.0,448.76,20.0,359.01,98.59
1263,1329,61,,2102.32,0.0,2102.32,1020.79
1264,154,95,1.0,2027.0,0.0,2027.0,828.15
1265,998,1941,2.0,325.35,0.0,325.35,313.8
1266,1559,4081,1.0,303.68,0.0,303.68,137.54
1267,25,431,1.0,848.6,0.0,848.6,399.92
1268,485,324,1.0,1346.46,15.0,1144.49,433.81
1269,1891,686,1.0,509.42,30.0,356.59,138.86
1270,1986,1477,1.0,495.23,0.0,495.23,226.77
1271,407,3393,1.0,440.68,0.0,440.68,250.0
1272,597,232,1.0,2317.18,5.0,2201.32,945.8
1273,1796,1007,3.0,1433.9,0.0,1433.9,2077.02
1274,1827,1799,1.0,1191.77,0.0,1191.77,514.94
1275,1476,616,1.0,932.89,15.0,792.96,254.0
1276,1879,1886,1.0,941.95,0.0,941.95,489.44
1277,292,1846,1.0,1274.43,15.0,1083.27,379.62
1278,101,173,1.0,2072.8,0.0,2072.8,1190.55
1279,1586,577,1.0,1130.1,20.0,904.08,206.4
1280,1045,1771,1.0,911.23,0.0,911.23,435.26
1281,632,6707,1.0,1599.4,0.0,1599.4,827.73
1282,65,946,1.0,1204.59,0.0,1204.59,533.83
1283,1872,60,1.0,708.24,0.0,708.24,382.97
1284,127,822,1.0,1877.92,0.0,1877.92,781.65
1285,766,856,1.0,1963.96,30.0,1374.77,359.74
1286,1356,1721,1.0,1723.26,5.0,1637.1,612.7
1287,1727,334,2.0,1500.54,5.0,1425.51,1363.86
1288,1138,533,1.0,2390.54,0.0,2390.54,1195.29
1289,1957,1975,1.0,748.75,0.0,748.75,380.38
1290,840,147,1.0,609.98,0.0,609.98,328.81
1291,1078,353,2.0,944.19,0.0,944.19,800.86
1292,1079,1334,1.0,1347.54,15.0,1145.41,500.28
1293,467,66,1.0,801.94,0.0,801.94,397.98
1294,988,1290,1.0,1249.46,0.0,1249.46,719.22
1295,412,1488,1.0,1258.52,5.0,1195.59,494.33
1296,610,1675,2.0,2120.93,0.0,2120.93,1724.34
1297,1730,449,1.0,2148.3,,2040.88,822.72
1298,1540,215,2.0,1936.56,0.0,1936.56,2051.34
1299,546,1802,1.0,1476.68,15.0,1255.18,363.85
1300,1730,1965,1.0,829.07,20.0,663.26,278.39
1301,1389,1788,1.0,1072.81,0.0,1072.81,452.42
1302,295,1713,1.0,2245.31,0.0,2245.31,1080.03
1303,1788,1826,1.0,1236.29,0.0,1236.29,642.84
1304,103,650,3.0,591.48,0.0,591.48,771.42
1305,757,1754,1.0,879.6,0.0,879.6,337.83
1306,271,1193,1.0,331.11,0.0,331.11,184.62
1307,608,77,1.0,568.3,30.0,397.81,50.47
1308,973,1969,1.0,2030.41,0.0,2030.41,801.45
1309,1786,293,1.0,1913.56,0.0,1913.56,1037.97
1310,98,950,1.0,1514.6,20.0,1211.68,290.13
1311,1634,391,3.0,2358.15,0.0,2358.15,2909.37
1312,1674,773,1.0,366.88,0.0,366.88,188.26
1313,824,1327,1.0,964.11,30.0,674.88,200.11
1314,1153,868,1.0,940.65,20.0,752.52,295.23
1315,1839,520,1.0,529.6,0.0,529.6,239.61
1316,414,280,1.0,2020.32,0.0,2020.32,918.62
1317,1802,93,1.0,1857.45,0.0,1857.45,1024.28
1318,53,1645,1.0,690.69,0.0,690.69,329.02
1319,1738,174,2.0,2217.02,0.0,2217.02,1880.16
1320,1634,901,2.0,893.97,15.0,759.87,679.22
1321,1170,671,1.0,1220.59,0.0,1220.59,506.83
1322,1908,1560,2.0,1401.43,30.0,981.0,364.04
1323,534,226,1.0,1006.97,0.0,1006.97,462.94
1324,1251,966,2.0,2372.01,0.0,2372.01,1917.06
1325,37,244,1.0,2271.24,0.0,2271.24,1172.44
1326,881,639,1.0,413.25,0.0,413.25,214.76
1327,1781,1581,1.0,1175.96,0.0,1175.96,468.02
1328,1492,1679,1.0,1741.43,20.0,1393.14,314.97
1329,21,43,1.0,1619.79,0.0,1619.79,904.72
1330,422,1212,1.0,598.79,0.0,598.79,231.57
1331,1506,234,1.0,1762.85,10.0,1586.56,773.09
1332,1154,404,1.0,2325.65,0.0,2325.65,1294.98
1333,945,1184,1.0,1576.09,0.0,1576.09,635.57
1334,759,323,2.0,806.39,0.0,806.39,720.02
1335,706,4,1.0,2030.21,0.0,2030.21,916.85
1336,500,605,1.0,430.57,0.0,430.57,190.55
1337,1623,1031,2.0,1695.78,0.0,1695.78,1953.92
1338,669,1605,2.0,913.96,0.0,913.96,980.32
1339,1896,254,1.0,1506.6,0.0,1506.6,862.91
1340,1099,723,1.0,907.33,0.0,907.33,443.09
1341,652,35,1.0,581.29,30.0,406.9,75.48
1342,46,762,2.0,2492.15,0.0,2492.15,2008.9
1343,165,417,2.0,527.95,0.0,527.95,589.24
1344,946,1252,,813.21,0.0,813.21,383.02
1345,1440,630,1.0,2179.31,20.0,1743.45,785.54
1346,1312,269,1.0,1241.52,10.0,1117.37,594.38
1347,232,1154,2.0,501.79,0.0,501.79,393.66
1348,1003,149,1.0,1438.6,0.0,1438.6,632.21
1349,1708,848,0.0,582.07,5.0,552.97,303.73
1350,771,1129,1.0,850.14,0.0,850.14,396.85
1351,826,718,2.0,2476.83,5.0,2352.99,2173.14
1352,1977,250,1.0,944.89,0.0,944.89,459.89
1353,727,916,1.0,438.75,20.0,351.0,80.67
1354,1715,597,1.0,314.42,10.0,282.98,102.17
1355,1595,1527,1.0,2384.19,15.0,2026.56,709.35
1356,876,364,1.0,2330.91,10.0,2097.82,738.97
1357,1786,1540,1.0,869.41,0.0,869.41,405.57
1358,134,1984,,1927.74,0.0,1927.74,1811.78
1359,334,1622,1.0,1972.99,0.0,1972.99,916.14
1360,850,1574,1.0,907.16,15.0,771.09,273.72
1361,963,631,1.0,802.79,0.0,802.79,382.36
1362,782,1258,1.0,2116.78,0.0,2116.78,937.27
1363,1881,1682,2.0,2067.16,0.0,2067.16,2114.34
1364,1215,150,1.0,2001.42,0.0,2001.42,1002.88
1365,328,1578,1.0,1885.25,0.0,1885.25,781.66
1366,1895,181,2.0,300.2,0.0,300.2,230.74
1367,818,555,1.0,715.82,30.0,501.07,57.77
1368,570,887,2.0,2066.97,15.0,1756.92,1745.28
1369,1544,1400,2.0,1653.82,30.0,1157.67,340.34
1370,1049,74,1.0,1829.76,0.0,1829.76,1058.98
1371,1757,1389,1.0,1075.19,15.0,913.91,350.81
1372,1748,767,1.0,1735.82,10.0,1562.24,803.16
1373,910,1729,2.0,488.62,15.0,415.33,388.9
1374,60,1240,1.0,475.42,0.0,475.42,199.39
1375,1875,1279,1.0,2248.75,5.0,2136.31,828.17
1376,123,561,1.0,1450.26,0.0,1450.26,595.64
1377,1198,441,1.0,1394.63,15.0,1185.44,346.13
1378,784,880,1.0,1044.22,15.0,887.59,411.62
1379,565,405,1.0,1584.32,0.0,1584.32,832.91
1380,509,441,1.0,1394.63,20.0,1115.7,276.39
1381,1521,606,1.0,1071.24,0.0,1071.24,476.83
1382,271,488,1.0,683.97,0.0,683.97,340.51
1383,1373,1805,,1362.52,5.0,1294.39,1233.56
1384,706,567,1.0,423.64,0.0,423.64,166.45
1385,1347,1666,1.0,2404.04,5.0,2283.84,816.07
1386,1612,1739,2.0,793.89,15.0,674.81,442.42
1387,1537,1361,1.0,1896.02,5.0,1801.22,940.98
1388,1571,1462,1.0,2263.19,0.0,2263.19,1221.84
1389,1540,1547,1.0,1787.69,0.0,1787.69,891.28
1390,489,15,1.0,1735.91,0.0,1735.91,997.63
1391,1732,209,1.0,582.23,0.0,582.23,315.47
1392,1187,203,1.0,956.32,0.0,956.32,470.04
1393,734,955,1.0,1783.24,10.0,1604.92,632.01
1394,82,1657,1.0,360.26,0.0,360.26,142.29
1395,1698,650,1.0,591.48,0.0,591.48,257.14
1396,54,1781,2.0,1307.98,5.0,1242.58,937.88
1397,1440,1927,1.0,1556.86,0.0,1556.86,844.77
1398,1337,255,2.0,462.28,0.0,462.28,368.42
1399,313,1370,1.0,1879.93,0.0,1879.93,870.06
1400,1654,33,1.0,2083.83,0.0,2083.83,1002.62
1401,959,1223,1.0,2139.13,20.0,1711.3,509.48
1402,1608,1256,,482.82,15.0,410.4,140.36
1403,1479,1834,1.0,765.88,10.0,689.29,219.19
1404,1378,1885,1.0,2118.15,0.0,2118.15,844.56
1405,1479,406,1.0,360.03,0.0,360.03,190.1
1406,301,1141,1.0,1933.84,15.0,1643.76,806.99
1407,749,741,1.0,1912.13,0.0,1912.13,901.86
1408,1792,204,1.0,2039.34,30.0,1427.54,376.19
1409,1253,920,1.0,718.14,0.0,718.14,347.3
1410,123,346,1.0,531.71,10.0,478.54,230.1
1411,1744,4760,1.0,2121.99,10.0,1909.79,840.13
1412,1612,1668,,2109.28,15.0,1792.89,1306.98
1413,1426,1894,1.0,1451.98,5.0,1379.38,576.7
1414,1052,1918,1.0,2410.53,15.0,2048.95,1024.7
1415,571,1022,1.0,1116.44,0.0,1116.44,447.85
1416,1702,781,2.0,1536.86,0.0,1536.86,1688.94
1417,506,1789,1.0,1796.0,10.0,1616.4,769.66
1418,1891,45,1.0,882.36,30.0,617.65,169.1
1419,1352,883,1.0,997.79,,947.9,455.55
1420,503,1889,1.0,2076.27,0.0,2076.27,1041.89
1421,777,310,,1848.08,10.0,1663.27,1105.9
1422,1281,1785,2.0,1367.13,0.0,1367.13,1125.28
1423,1562,832,1.0,531.34,30.0,371.94,124.46
1424,433,844,1.0,1028.87,0.0,1028.87,451.63
1425,1224,304,1.0,2035.23,0.0,2035.23,1081.01
1426,126,1033,1.0,869.14,10.0,782.23,392.43
1427,1058,1794,1.0,334.41,30.0,234.09,89.81
1428,1512,1276,1.0,576.37,0.0,576.37,256.46
1429,1381,1035,1.0,2168.51,5.0,2060.08,1139.25
1430,1452,1884,1.0,848.92,0.0,848.92,424.88
1431,587,1942,1.0,590.43,0.0,590.43,263.54
1432,1807,1762,1.0,1469.82,0.0,1469.82,583.8
1433,258,1390,1.0,417.21,30.0,292.05,52.81
1434,1796,597,1.0,314.42,20.0,251.54,70.73
1435,1030,402,1.0,1624.45,5.0,1543.23,622.14
1436,906,980,1.0,1166.87,30.0,816.81,164.01
1437,563,504,1.0,2179.63,0.0,2179.63,837.37
1438,56,757,1.0,2464.61,0.0,2464.61,1353.1
1439,1586,1072,2.0,2455.99,15.0,2087.59,1446.12
1440,1191,1151,2.0,1921.55,20.0,1537.24,914.24
1441,1823,233,1.0,1943.97,0.0,1943.97,909.38
1442,621,1948,1.0,2211.01,0.0,2211.01,973.9
1443,174,769,1.0,650.06,0.0,650.06,367.46
1444,117,188,1.0,643.71,0.0,643.71,281.83
1445,689,481,2.0,451.43,15.0,383.72,332.98
1446,1149,1821,1.0,661.67,10.0,595.5,257.32
1447,1385,1851,2.0,2069.2,5.0,1965.74,1649.74
1448,1387,260,1.0,675.51,0.0,675.51,332.57
1449,318,834,1.0,414.91,0.0,414.91,213.54
1450,164,701,2.0,1908.52,0.0,1908.52,2165.3
1451,101,844,1.0,1028.87,5.0,977.43,400.19
1452,1433,366,1.0,1404.84,5.0,1334.6,638.39
1453,1788,480,1.0,972.6,10.0,875.34,349.65
1454,1724,461,1.0,791.98,10.0,712.78,225.48
1455,1051,1820,3.0,1811.92,0.0,1811.92,2484.69
1456,852,1567,1.0,2072.83,0.0,2072.83,789.4
1457,366,329,2.0,674.58,0.0,674.58,571.28
1458,149,380,1.0,1608.11,0.0,1608.11,692.63
1459,1275,1126,3.0,2208.41,0.0,2208.41,2558.55
1460,1796,1386,1.0,1779.98,0.0,1779.98,813.63
1461,423,8,-2.0,2238.47,0.0,2238.47,1898.12
1462,1270,39,1.0,2198.29,0.0,2198.29,1106.6
1463,512,882,1.0,876.85,15.0,745.32,309.81
1464,254,1024,1.0,1653.23,30.0,1157.26,238.34
1465,1876,154,1.0,2074.64,0.0,2074.64,832.15
1466,548,1728,1.0,1651.28,5.0,1568.72,642.87
1467,571,1601,1.0,413.18,30.0,289.23,95.57
1468,1637,1692,1.0,1266.78,5.0,1203.44,535.41
1469,1022,1480,1.0,2335.94,0.0,2335.94,1305.47
1470,222,1490,0.0,735.62,0.0,735.62,330.96
1471,53,1436,1.0,1165.21,0.0,1165.21,656.64
1472,432,1097,3.0,2236.97,5.0,2125.12,3352.92
1473,1710,868,1.0,940.65,0.0,940.65,483.36
1474,742,1424,1.0,2066.58,15.0,1756.59,626.16
1475,1270,1654,1.0,1223.5,0.0,1223.5,580.37
1476,1424,1466,1.0,928.5,15.0,789.22,262.41
1477,897,347,2.0,657.04,15.0,558.48,387.86
1478,1907,374,2.0,1698.35,0.0,1698.35,1444.22
1479,1020,47,3.0,1272.0,0.0,1272.0,1452.24
1480,836,16,1.0,1371.58,0.0,1371.58,735.29
1481,806,351,1.0,775.06,0.0,775.06,392.56
1482,699,398,1.0,2417.62,15.0,2054.98,635.34
1483,780,640,1.0,1912.15,20.0,1529.72,632.2
1484,1889,1866,2.0,1096.01,0.0,1096.01,1085.46
1485,197,1744,3.0,1325.0,0.0,1325.0,1649.1
1486,242,1228,1.0,2110.66,15.0,1794.06,687.44
1487,64,1412,1.0,1179.5,15.0,1002.58,338.84
1488,490,229,1.0,2047.12,0.0,2047.12,1103.58
1489,1986,908,2.0,2155.68,0.0,2155.68,1807.3
1490,604,998,1.0,1693.03,0.0,1693.03,847.48
1491,639,1227,1.0,1580.91,0.0,1580.91,671.11
1492,784,1093,2.0,2491.34,0.0,2491.34,2209.32
1493,727,1245,1.0,585.32,0.0,585.32,291.07
1494,926,922,1.0,2070.48,0.0,2070.48,846.04
1495,1188,649,1.0,2056.26,30.0,1439.38,314.81
1496,989,1388,1.0,2269.74,30.0,1588.82,332.16
1497,709,1923,1.0,626.54,0.0,626.54,314.27
1498,1202,626,2.0,1864.56,0.0,1864.56,2134.98
1499,203,1950,2.0,2041.9,5.0,1939.8,2147.48
1500,1253,478,1.0,1555.09,0.0,1555.09,702.76
1501,807,914,2.0,2260.88,0.0,2260.88,2230.76
1502,327,537,2.0,1147.64,0.0,1147.64,1090.22
1503,1158,1028,2.0,842.53,0.0,842.53,921.68
1504,223,1193,2.0,331.11,0.0,331.11,369.24
1505,1049,1075,1.0,480.01,15.0,408.01,203.92
1506,980,1790,1.0,1550.36,5.0,1472.84,577.06
1507,1826,361,1.0,658.42,0.0,658.42,315.08
1508,1759,865,1.0,1415.5,10.0,1273.95,557.4
1509,494,201,1.0,1553.31,0.0,1553.31,838.09
1510,962,130,1.0,1719.08,0.0,1719.08,670.09
1511,246,224,2.0,898.76,10.0,808.88,684.26
1512,1768,1522,1.0,1548.15,10.0,1393.34,501.63
1513,1046,361,1.0,658.42,10.0,592.58,249.24
1514,957,309,1.0,1502.08,0.0,1502.08,706.2
1515,1843,365,1.0,1136.4,0.0,1136.4,621.31
1516,1383,246,1.0,688.3,0.0,688.3,360.77
1517,60,10,1.0,2378.59,30.0,1665.01,298.0
1518,236,1102,1.0,2400.07,0.0,2400.07,1359.3
1519,1819,1272,1.0,804.32,10.0,723.89,267.27
1520,506,236,1.0,2245.5,0.0,2245.5,924.89
1521,1708,440,1.0,2451.19,0.0,2451.19,1157.47
1522,1,1625,1.0,1111.1,15.0,944.44,417.74
1523,1079,1720,3.0,846.65,15.0,719.65,675.78
1524,862,432,1.0,1882.23,10.0,1694.01,899.36
1525,982,871,2.0,2209.06,20.0,1767.25,1027.74
1526,1155,1141,1.0,1933.84,0.0,1933.84,1097.07
1527,130,1173,1.0,1015.57,10.0,914.01,405.3
1528,994,974,1.0,1176.83,0.0,1176.83,512.04
1529,1239,1856,1.0,1289.69,0.0,1289.69,674.95
1530,1880,1742,1.0,1169.93,0.0,1169.93,518.52
1531,368,1031,1.0,1695.78,5.0,1610.99,892.17
1532,371,529,1.0,1513.33,0.0,1513.33,789.31
1533,113,455,1.0,1508.65,5.0,1433.22,528.08
1534,1067,882,1.0,876.85,20.0,701.48,265.97
1535,1130,1178,1.0,339.77,0.0,339.77,146.69
1536,1888,84,1.0,2237.13,,2013.42,690.02
1537,1502,1407,2.0,555.37,0.0,555.37,560.82
1538,821,179,1.0,1397.32,0.0,1397.32,580.11
1539,152,1186,1.0,1115.33,0.0,1115.33,582.12
1540,1163,1191,1.0,2245.45,0.0,2245.45,1248.9
1541,1831,861,1.0,432.81,20.0,346.25,129.7
1542,1882,1016,3.0,1308.12,0.0,1308.12,1623.84
1543,832,332,1.0,517.79,0.0,517.79,266.05
1544,1256,1850,1.0,1412.66,20.0,1130.13,382.64
1545,1132,152,1.0,798.28,10.0,718.45,254.91
1546,5,1596,1.0,1266.73,5.0,1203.39,461.56
1547,63,341,,2491.01,0.0,2491.01,1271.06
1548,315,1332,,2263.62,0.0,2263.62,1127.06
1549,1780,829,1.0,488.77,0.0,488.77,262.34
1550,870,1647,1.0,2167.29,10.0,1950.56,944.53
1551,1470,200,2.0,2150.25,15.0,1827.71,1271.82
1552,71,993,1.0,1230.74,30.0,861.52,111.2
1553,321,1692,2.0,1266.78,0.0,1266.78,1197.5
1554,404,1415,1.0,1590.89,0.0,1590.89,725.94
1555,480,1552,1.0,726.14,0.0,726.14,342.37
1556,952,455,1.0,1508.65,10.0,1357.78,452.64
1557,773,1998,,2170.06,0.0,2170.06,1114.86
1558,1154,962,1.0,1234.46,0.0,1234.46,485.19
1559,1807,218,2.0,1609.09,5.0,1528.64,1445.72
1560,1945,1890,,1848.97,0.0,1848.97,1594.82
1561,444,68,,2039.15,0.0,2039.15,1638.84
1562,277,1963,2.0,1984.59,0.0,1984.59,2017.92
1563,1276,707,1.0,2054.63,0.0,2054.63,1180.91
1564,1736,1362,1.0,865.25,0.0,865.25,393.61
1565,1826,1528,1.0,2489.65,0.0,2489.65,1380.65
1566,1901,1394,1.0,1912.47,0.0,1912.47,1053.04
1567,246,1756,1.0,611.59,20.0,489.27,175.69
1568,1128,1792,1.0,1959.63,15.0,1665.69,566.56
1569,1299,1378,1.0,1616.63,15.0,1374.14,533.38
1570,311,925,1.0,1595.61,0.0,1595.61,813.72
1571,1014,1363,1.0,1671.23,0.0,1671.23,782.36
1572,1856,748,2.0,1624.66,0.0,1624.66,1525.3
1573,1562,1300,1.0,1604.95,0.0,1604.95,913.0
1574,1887,1221,1.0,1937.81,10.0,1744.03,577.61
1575,778,1157,2.0,1599.4,15.0,1359.49,1175.64
1576,133,896,,1137.8,20.0,910.24,206.79
1577,1400,1203,2.0,679.57,0.0,679.57,582.34
1578,1645,1001,2.0,956.96,0.0,956.96,939.36
1579,285,1916,1.0,2481.83,0.0,2481.83,1363.53
1580,1124,377,1.0,900.92,0.0,900.92,511.53
1581,1306,51,1.0,1059.8,0.0,1059.8,587.86
1582,5507,470,1.0,1405.6,0.0,1405.6,716.4
1583,1993,1007,1.0,1433.9,0.0,1433.9,692.34
1584,361,822,2.0,1877.92,0.0,1877.92,1563.3
1585,1458,459,1.0,1187.48,5.0,1128.11,478.98
1586,857,249,1.0,1733.2,0.0,1733.2,669.77
1587,1189,680,1.0,860.02,0.0,860.02,432.56
1588,68,1568,1.0,2456.4,20.0,1965.12,514.15
1589,1933,1544,1.0,1813.61,0.0,1813.61,961.27
1590,1535,182,2.0,1939.8,0.0,1939.8,2136.3
1591,876,494,1.0,1595.64,0.0,1595.64,673.5
1592,515,1144,2.0,715.45,5.0,679.68,505.62
1593,1748,519,1.0,2323.37,0.0,2323.37,1184.2
1594,68,1112,1.0,555.0,0.0,555.0,260.26
1595,1292,796,,2495.86,15.0,2121.48,799.56
1596,902,514,1.0,1733.25,0.0,1733.25,850.28
1597,1417,890,2.0,1820.77,5.0,1729.73,1273.42
1598,683,362,1.0,1997.24,5.0,1897.38,760.77
1599,240,5638,2.0,2254.49,0.0,2254.49,2144.32
1600,1106,257,1.0,989.06,15.0,840.7,270.71
1601,1871,77,1.0,568.3,0.0,568.3,220.96
1602,1958,1291,1.0,1301.34,15.0,1106.14,346.99
1603,223,1091,2.0,2263.89,0.0,2263.89,2280.46
1604,1510,168,2.0,1646.33,15.0,1399.38,966.82
1605,1911,1951,2.0,808.61,5.0,768.18,706.74
1606,1799,1472,1.0,1927.31,10.0,1734.58,553.18
1607,266,424,,2106.44,30.0,1474.51,490.06
1608,634,1228,2.0,2110.66,10.0,1899.59,1585.94
1609,113,121,2.0,2402.27,0.0,2402.27,2506.7
1610,132,1784,1.0,1491.34,0.0,1491.34,651.94
1611,1147,1702,2.0,830.18,0.0,830.18,832.9
1612,294,363,1.0,1121.96,0.0,1121.96,619.53
1613,1269,1802,1.0,1476.68,0.0,1476.68,585.35
1614,680,1865,2.0,771.1,30.0,539.77,392.58
1615,1700,1992,2.0,1437.11,0.0,1437.11,1130.14
1616,687,430,1.0,1688.34,0.0,1688.34,945.54
1617,1554,854,2.0,2427.09,10.0,2184.38,1374.24
1618,208,327,2.0,1673.98,5.0,1590.28,1696.5
1619,22,1147,1.0,1936.6,10.0,1742.94,637.92
1620,715,1941,1.0,325.35,0.0,325.35,156.9
1621,615,106,1.0,2481.73,0.0,2481.73,990.03
1622,1624,1520,1.0,317.92,0.0,317.92,181.63
1623,1860,1116,1.0,1400.4,15.0,1190.34,392.43
1624,299,863,1.0,2391.52,0.0,2391.52,1266.03
1625,763,1024,1.0,1653.23,0.0,1653.23,734.31
1626,421,761,1.0,925.66,0.0,925.66,410.43
1627,1228,603,2.0,2071.51,15.0,1760.78,1206.74
1628,1083,1577,1.0,1979.05,0.0,1979.05,798.84
1629,261,1113,1.0,384.46,0.0,384.46,189.42
1630,532,1309,1.0,1244.27,0.0,1244.27,489.69
1631,967,1520,,317.92,0.0,317.92,181.63
1632,1710,578,,841.08,0.0,841.08,383.93
1633,877,56,2.0,1659.29,30.0,1161.5,331.98
1634,1973,1997,1.0,2438.97,0.0,2438.97,1412.43
1635,1900,494,1.0,1595.64,0.0,1595.64,673.5
1636,256,1980,1.0,948.41,10.0,853.57,353.46
1637,550,1063,1.0,930.23,30.0,651.16,114.56
1638,39,1947,1.0,455.22,15.0,386.94,188.46
1639,348,377,,900.92,0.0,900.92,511.53
1640,194,420,1.0,1145.95,10.0,1031.36,487.65
1641,1882,288,1.0,809.57,0.0,809.57,328.27
1642,585,1336,3.0,1931.33,10.0,1738.2,2146.86
1643,1008,417,2.0,527.95,0.0,527.95,589.24
1644,1657,1620,1.0,585.36,0.0,585.36,280.62
1645,742,937,1.0,319.67,5.0,303.69,156.23
1646,662,358,2.0,1612.15,0.0,1612.15,1815.1
1647,1669,988,2.0,680.45,5.0,646.43,718.06
1648,1012,8,1.0,2238.47,0.0,2238.47,949.06
1649,1476,1728,1.0,1651.28,15.0,1403.59,477.74
1650,577,1902,1.0,1284.31,10.0,1155.88,528.6
1651,706,696,1.0,393.53,5.0,373.85,146.18
1652,1292,1301,1.0,1064.55,0.0,1064.55,498.87
1653,1092,1187,1.0,2335.63,30.0,1634.94,246.4
1654,797,1234,1.0,2034.82,0.0,2034.82,1146.42
1655,145,733,2.0,895.26,0.0,895.26,927.92
1656,1315,552,1.0,476.61,0.0,476.61,263.46
1657,1068,1332,2.0,2263.62,0.0,2263.62,2254.12
1658,1333,175,0.0,2154.34,0.0,2154.34,976.09
1659,977,1537,1.0,2271.66,10.0,2044.49,856.57
1660,1593,221,2.0,618.73,0.0,618.73,563.24
1661,1836,951,1.0,482.1,0.0,482.1,250.32
1662,199,855,1.0,670.51,5.0,636.98,257.11
1663,369,1118,1.0,1587.56,10.0,1428.8,702.37
1664,439,1806,1.0,511.82,5.0,486.23,217.49
1665,542,5327,2.0,1548.15,0.0,1548.15,1312.88
1666,350,557,1.0,2299.77,0.0,2299.77,920.39
1667,535,1798,1.0,1834.23,0.0,1834.23,1025.1
1668,1636,1882,1.0,2145.31,0.0,2145.31,1236.45
1669,1641,1658,1.0,1676.03,0.0,1676.03,927.4
1670,1335,1748,1.0,2078.48,0.0,2078.48,1138.27
1671,1828,1575,2.0,1338.04,0.0,1338.04,1463.08
1672,762,109,1.0,2194.22,0.0,2194.22,876.13
1673,755,1646,1.0,1590.71,20.0,1272.57,287.51
1674,1595,77,1.0,568.3,0.0,568.3,220.96
1675,1764,1575,1.0,1338.04,10.0,1204.24,597.74
1676,868,1738,1.0,329.11,0.0,329.11,139.04
1677,5644,1924,1.0,750.66,0.0,750.66,420.99
1678,1353,1929,1.0,776.06,0.0,776.06,361.27
1679,1254,1057,1.0,2105.73,30.0,1474.01,317.73
1680,1105,1194,1.0,1035.01,10.0,931.51,306.99
1681,1427,1701,1.0,2183.1,10.0,1964.79,678.34
1682,500,1764,1.0,1740.27,0.0,1740.27,1006.3
1683,512,1642,2.0,1786.7,0.0,1786.7,1995.94
1684,1645,1624,1.0,1404.54,10.0,1264.09,541.36
1685,1375,1570,1.0,1440.91,0.0,1440.91,699.48
1686,1941,333,2.0,1160.98,0.0,1160.98,1338.88
1687,1125,623,2.0,877.59,10.0,789.83,496.48
1688,1601,85,2.0,2476.28,0.0,2476.28,2399.6
1689,1797,1276,1.0,576.37,0.0,576.37,256.46
1690,1719,23,1.0,2304.41,0.0,2304.41,1274.21
1691,921,934,1.0,673.43,0.0,673.43,388.32
1692,548,1544,1.0,1813.61,0.0,1813.61,961.27
1693,1615,1571,1.0,1711.43,0.0,1711.43,861.12
1694,1240,451,1.0,2457.79,0.0,2457.79,1286.03
1695,380,1338,1.0,2450.79,0.0,2450.79,1226.12
1696,1266,104,1.0,2460.12,15.0,2091.1,1045.85
1697,1513,392,2.0,2208.45,10.0,1987.6,1784.8
1698,1949,750,1.0,1987.81,10.0,1789.03,942.36
1699,1573,1578,1.0,1885.25,0.0,1885.25,781.66
1700,1129,428,2.0,528.9,0.0,528.9,423.7
1701,593,1252,1.0,813.21,10.0,731.89,301.7
1702,1948,1259,1.0,1673.79,5.0,1590.1,559.95
1703,1055,851,1.0,582.57,10.0,524.31,190.89
1704,1355,738,1.0,586.77,0.0,586.77,263.83
1705,195,917,1.0,1382.13,0.0,1382.13,797.66
1706,1890,1479,1.0,529.86,0.0,529.86,285.12
1707,569,686,1.0,509.42,0.0,509.42,291.69
1708,147,1456,2.0,1457.89,0.0,1457.89,1252.88
1709,9,233,1.0,1943.97,10.0,1749.57,714.98
1710,641,836,2.0,1814.51,0.0,1814.51,2001.88
1711,38,1864,1.0,2452.88,0.0,2452.88,981.7
1712,28,1636,1.0,2122.93,0.0,2122.93,1074.86
1713,554,433,1.0,2222.31,0.0,2222.31,1180.12
1714,1479,1844,1.0,1204.52,0.0,1204.52,591.11
1715,59,332,1.0,517.79,0.0,517.79,266.05
1716,1272,769,3.0,650.06,0.0,650.06,1102.38
1717,1044,989,2.0,2010.73,30.0,1407.51,1074.82
1718,1376,1720,1.0,846.65,10.0,761.98,267.59
1719,1732,1533,1.0,2413.34,0.0,2413.34,1036.08
1720,735,196,1.0,2213.69,5.0,2103.01,1112.85
1721,1325,677,1.0,315.26,0.0,315.26,168.29
1722,13,1582,2.0,2457.6,15.0,2088.96,1567.74
1723,1486,687,1.0,994.39,10.0,894.95,462.03
1724,1845,1888,1.0,1437.3,0.0,1437.3,576.02
1725,1234,1696,1.0,2374.24,30.0,1661.97,549.65
1726,877,1697,1.0,2258.19,0.0,2258.19,1037.43
1727,932,36,1.0,467.38,0.0,467.38,224.87
1728,493,54,1.0,912.4,0.0,912.4,351.18
1729,564,581,3.0,1343.26,0.0,1343.26,1588.77
1730,1854,122,1.0,922.18,5.0,876.07,435.33
1731,1518,1584,1.0,1284.43,0.0,1284.43,586.97
1732,1457,842,1.0,848.25,0.0,848.25,357.52
1733,195,574,1.0,1302.59,5.0,1237.46,568.37
1734,236,66,1.0,801.94,0.0,801.94,397.98
1735,1425,1120,2.0,1207.16,10.0,1086.44,713.24
1736,1575,483,2.0,1937.09,0.0,1937.09,1993.62
1737,1363,958,1.0,958.99,0.0,958.99,410.55
1738,497,495,1.0,2264.96,0.0,2264.96,1051.74
1739,529,1770,1.0,1724.66,10.0,1552.19,636.09
1740,396,351,1.0,775.06,0.0,775.06,392.56
1741,69,773,1.0,366.88,0.0,366.88,188.26
1742,1803,157,1.0,674.61,15.0,573.42,205.1
1743,1279,1404,2.0,399.25,0.0,399.25,330.9
1744,293,1283,1.0,1490.05,10.0,1341.04,473.4
1745,15,1164,2.0,1208.28,0.0,1208.28,974.16
1746,1892,1688,2.0,1632.86,10.0,1469.57,1079.58
1747,166,1921,1.0,1787.43,10.0,1608.69,719.54
1748,1442,1297,3.0,769.96,0.0,769.96,1011.78
1749,1516,915,1.0,1167.31,0.0,1167.31,622.75
1750,792,1783,1.0,2277.39,15.0,1935.78,878.19
1751,798,948,1.0,2195.23,0.0,2195.23,985.12
1752,1519,1313,2.0,2269.78,0.0,2269.78,2330.22
1753,286,1011,1.0,2381.69,,2381.69,1297.75
1754,1694,1448,1.0,2049.68,,2049.68,1149.34
1755,1141,831,1.0,2090.66,0.0,2090.66,1132.14
1756,136,671,1.0,1220.59,20.0,976.47,262.71
1757,1213,772,2.0,2060.25,0.0,2060.25,1704.22
1758,1706,1317,1.0,2245.73,0.0,2245.73,882.57
1759,850,795,1.0,1232.66,0.0,1232.66,469.69
1760,1598,1699,2.0,1545.12,10.0,1390.61,1323.22
1761,1054,1962,1.0,1306.26,10.0,1175.63,475.44
1762,1912,875,2.0,1623.42,10.0,1461.08,971.7
1763,439,1711,2.0,2003.51,15.0,1702.98,1526.2
1764,988,1105,1.0,667.36,0.0,667.36,372.08
1765,1758,811,1.0,2486.23,0.0,2486.23,1261.45
1766,1843,1302,1.0,529.27,0.0,529.27,239.17
1767,1362,277,1.0,1496.16,0.0,1496.16,658.65
1768,334,952,1.0,581.88,0.0,581.88,292.09
1769,1370,1319,1.0,2447.5,20.0,1958.0,915.88
1770,1461,454,1.0,460.26,20.0,368.21,115.12
1771,971,1931,1.0,532.49,0.0,532.49,273.45
1772,473,682,1.0,1556.1,0.0,1556.1,647.92
1773,1187,1062,1.0,2330.96,15.0,1981.32,697.97
1774,783,647,1.0,1107.52,5.0,1052.14,522.59
1775,1560,1226,1.0,788.67,5.0,749.24,357.29
1776,1431,1529,1.0,2141.73,0.0,2141.73,1230.33
1777,463,1509,1.0,1762.87,0.0,1762.87,748.85
1778,957,739,1.0,731.1,0.0,731.1,349.1
1779,214,11,2.0,1341.48,0.0,1341.48,1459.82
1780,207,310,1.0,1848.08,10.0,1663.27,552.95
1781,1084,1891,2.0,527.09,0.0,527.09,458.42
1782,1589,217,2.0,404.71,0.0,404.71,436.98
1783,1358,1321,1.0,1919.61,0.0,1919.61,1031.26
1784,1042,1001,1.0,956.96,0.0,956.96,469.68
1785,1552,557,1.0,2299.77,10.0,2069.79,690.41
1786,526,1915,1.0,445.29,0.0,445.29,232.55
1787,1677,234,1.0,1762.85,0.0,1762.85,949.38
1788,809,781,1.0,1536.86,0.0,1536.86,844.47
1789,1942,1965,1.0,829.07,0.0,829.07,444.2
1790,324,1956,1.0,2282.17,20.0,1825.74,843.89
1791,328,491,1.0,1384.97,0.0,1384.97,770.51
1792,1780,1108,1.0,2158.58,5.0,2050.65,994.4
1793,699,1270,1.0,2163.47,30.0,1514.43,197.63
1794,1498,1876,1.0,2025.26,15.0,1721.47,540.55
1795,1643,869,2.0,1708.5,0.0,1708.5,1340.2
1796,824,1389,1.0,1075.19,0.0,1075.19,512.09
1797,1714,1238,1.0,768.27,0.0,768.27,426.86
1798,1003,609,1.0,2170.12,5.0,2061.61,868.32
1799,449,3852,1.0,1858.89,0.0,1858.89,944.92
1800,1332,428,1.0,528.9,15.0,449.56,132.51
1801,1437,1890,1.0,1848.97,0.0,1848.97,797.41
1802,425,261,3.0,1041.67,0.0,1041.67,1462.86
1803,497,1015,1.0,522.68,0.0,522.68,272.33
1804,214,954,1.0,2359.28,10.0,2123.35,888.52
1805,1547,33,1.0,2083.83,0.0,2083.83,1002.62
1806,1478,1405,1.0,1763.43,0.0,1763.43,854.64
1807,1306,1515,1.0,2193.91,0.0,2193.91,983.31
1808,593,716,1.0,1442.06,,1442.06,549.07
1809,1621,847,2.0,914.38,0.0,914.38,869.82
1810,230,1283,1.0,1490.05,15.0,1266.54,398.9
1811,588,270,1.0,557.33,10.0,501.6,212.47
1812,81,1600,1.0,1232.01,0.0,1232.01,683.77
1813,1236,1320,2.0,680.7,0.0,680.7,563.32
1814,6162,430,1.0,1688.34,0.0,1688.34,945.54
1815,429,1953,1.0,349.71,0.0,349.71,165.42
1816,542,1468,1.0,2236.77,0.0,2236.77,1101.74
1817,505,1142,2.0,1455.38,0.0,1455.38,1191.88
1818,1322,696,2.0,393.53,30.0,275.47,95.6
1819,1834,203,1.0,956.32,10.0,860.69,374.41
1820,739,1099,1.0,889.48,0.0,889.48,339.24
1821,1681,500,1.0,466.0,0.0,466.0,207.68
1822,1020,138,1.0,892.69,0.0,892.69,451.97
1823,782,545,2.0,619.93,0.0,619.93,594.86
1824,1989,169,1.0,542.25,5.0,515.14,283.48
1825,816,794,1.0,503.34,0.0,503.34,243.53
1826,1596,1522,1.0,1548.15,0.0,1548.15,656.44
1827,1598,942,1.0,1937.29,0.0,1937.29,785.83
1828,1820,408,2.0,431.26,0.0,431.26,454.94
1829,345,461,2.0,791.98,5.0,752.38,530.16
1830,352,1162,2.0,1304.0,5.0,1238.8,946.72
1831,1426,1256,1.0,482.82,10.0,434.54,164.5
1832,1933,1448,1.0,2049.68,5.0,1947.2,1046.86
1833,679,345,1.0,1892.05,10.0,1702.84,691.21
1834,1358,464,1.0,1328.78,0.0,1328.78,635.34
1835,487,1847,1.0,1366.2,5.0,1297.89,682.62
1836,711,1902,2.0,1284.31,0.0,1284.31,1314.06
1837,1695,1990,2.0,2037.17,20.0,1629.74,983.64
1838,62,1973,1.0,852.51,0.0,852.51,423.57
1839,1586,523,1.0,1222.75,15.0,1039.34,487.0
1840,203,508,2.0,2360.54,0.0,2360.54,2122.3
1841,1428,840,1.0,315.13,0.0,315.13,174.64
1842,487,1658,1.0,1676.03,0.0,1676.03,927.4
1843,602,1110,1.0,931.71,15.0,791.95,291.21
1844,169,1787,1.0,826.26,0.0,826.26,353.8
1845,1255,649,1.0,2056.26,0.0,2056.26,931.69
1846,526,1741,1.0,493.7,0.0,493.7,243.45
1847,1774,249,1.0,1733.2,0.0,1733.2,669.77
1848,146,1605,2.0,913.96,5.0,868.26,888.92
1849,595,42,2.0,2037.12,20.0,1629.7,1541.38
1850,409,528,2.0,1878.78,0.0,1878.78,1442.66
1851,276,1912,1.0,781.62,0.0,781.62,328.9
1852,1471,1527,1.0,2384.19,15.0,2026.56,709.35
1853,1181,153,1.0,1098.88,0.0,1098.88,535.32
1854,995,252,2.0,935.87,0.0,935.87,1003.92
1855,1851,1043,1.0,1322.14,10.0,1189.93,522.21
1856,1144,462,1.0,872.57,0.0,872.57,332.63
1857,919,51,1.0,1059.8,15.0,900.83,428.89
1858,983,824,1.0,1215.68,30.0,850.98,100.15
1859,1819,1215,2.0,1574.75,0.0,1574.75,1738.18
1860,1700,1294,1.0,636.02,0.0,636.02,249.2
1861,1019,1076,1.0,333.03,30.0,233.12,89.16
1862,752,739,1.0,731.1,0.0,731.1,349.1
1863,275,1274,0.0,1080.59,0.0,1080.59,476.58
1864,1439,1824,1.0,1119.93,0.0,1119.93,579.59
1865,221,1998,1.0,2170.06,0.0,2170.06,1114.86
1866,85,845,,369.63,0.0,369.63,159.56
1867,1030,1479,1.0,529.86,0.0,529.86,285.12
1868,209,1667,1.0,1163.3,5.0,1105.14,464.09
1869,1300,1229,1.0,810.64,,729.58,241.07
1870,1552,372,,1445.28,15.0,1228.49,378.65
1871,1188,35,1.0,581.29,0.0,581.29,249.87
1872,330,1214,1.0,1435.06,10.0,1291.55,475.34
1873,1226,1878,1.0,1045.28,0.0,1045.28,465.02
1874,1769,515,1.0,1981.46,0.0,1981.46,995.51
1875,453,883,1.0,997.79,20.0,798.23,305.88
1876,1164,1327,2.0,964.11,0.0,964.11,978.68
1877,1793,1963,1.0,1984.59,0.0,1984.59,1008.96
1878,1870,555,1.0,715.82,0.0,715.82,272.52
1879,1656,1903,1.0,851.79,20.0,681.43,280.44
1880,1814,48,2.0,1023.18,0.0,1023.18,1076.76
1881,1580,1695,2.0,325.63,0.0,325.63,296.5
1882,353,912,2.0,1275.94,5.0,1212.14,1163.48
1883,1098,765,0.0,1232.39,0.0,1232.39,1770.69
1884,1989,1483,2.0,1360.6,10.0,1224.54,1186.94
1885,833,16,2.0,1371.58,0.0,1371.58,1470.58
1886,1344,580,1.0,641.4,0.0,641.4,362.24
1887,1383,1564,2.0,894.88,5.0,850.14,590.84
1888,1307,1442,1.0,788.28,0.0,788.28,385.41
1889,1927,645,2.0,1457.3,30.0,1020.11,235.98
1890,1682,37,1.0,1768.79,0.0,1768.79,696.53
1891,533,57,1.0,2368.47,0.0,2368.47,988.99
1892,1648,1099,2.0,889.48,10.0,800.53,500.58
1893,459,1851,2.0,2069.2,0.0,2069.2,1856.66
1894,791,1997,1.0,2438.97,10.0,2195.07,1168.53
1895,82,420,1.0,1145.95,0.0,1145.95,602.24
1896,574,1691,1.0,1719.38,0.0,1719.38,827.63
1897,374,1069,1.0,832.03,0.0,832.03,332.34
1898,566,1906,2.0,567.34,5.0,538.97,413.54
1899,1745,1282,1.0,963.67,0.0,963.67,457.25
1900,1570,1906,1.0,567.34,0.0,567.34,235.14
1901,341,102,1.0,1478.2,0.0,1478.2,844.16
1902,523,1708,1.0,2497.81,5.0,2372.92,976.15
1903,990,1547,1.0,1787.69,30.0,1251.38,354.97
1904,492,172,2.0,784.05,10.0,705.64,696.52
1905,373,1922,3.0,1626.33,15.0,1382.38,1329.87
1906,1756,1263,1.0,1223.05,15.0,1039.59,347.82
1907,1993,631,1.0,802.79,10.0,722.51,302.08
1908,1475,307,1.0,447.67,,425.29,185.33
1909,249,1041,1.0,2346.42,0.0,2346.42,1258.69
1910,171,1493,1.0,911.08,0.0,911.08,399.72
1911,1090,1176,1.0,433.67,0.0,433.67,250.67
1912,1272,942,1.0,1937.29,0.0,1937.29,785.83
1913,695,204,1.0,2039.34,0.0,2039.34,987.99
1914,1351,125,1.0,697.14,0.0,697.14,325.8
1915,586,994,1.0,839.07,0.0,839.07,357.36
1916,193,1765,2.0,738.55,0.0,738.55,645.22
1917,1302,470,1.0,1405.6,5.0,1335.32,646.12
1918,407,537,2.0,1147.64,0.0,1147.64,1090.22
1919,134,1328,1.0,1825.74,15.0,1551.88,486.22
1920,1685,178,2.0,676.54,0.0,676.54,724.4
1921,1710,152,1.0,798.28,15.0,678.54,215.0
1922,359,1483,1.0,1360.6,0.0,1360.6,729.53
1923,1835,1180,1.0,472.01,0.0,472.01,183.59
1924,111,1743,2.0,2235.88,0.0,2235.88,2006.28
1925,1355,22,1.0,1840.89,15.0,1564.76,435.96
1926,860,825,1.0,948.48,0.0,948.48,436.37
1927,529,1355,1.0,855.17,0.0,855.17,362.01
1928,263,1002,2.0,411.75,30.0,288.22,175.44
1929,1159,1924,1.0,750.66,0.0,750.66,420.99
1930,1354,1561,2.0,2495.44,15.0,2121.12,1602.7
1931,1173,6547,2.0,503.29,0.0,503.29,515.86
1932,996,1734,1.0,1356.93,30.0,949.85,122.52
1933,119,456,1.0,1781.53,0.0,1781.53,931.27
1934,1427,292,2.0,991.89,0.0,991.89,1134.68
1935,354,573,1.0,627.32,10.0,564.59,253.03
1936,1621,1243,1.0,1084.57,0.0,1084.57,527.3
1937,1254,732,,2021.65,0.0,2021.65,1164.21
1938,1855,1892,1.0,2402.1,5.0,2282.0,867.2
1939,1675,314,1.0,927.53,10.0,834.78,287.47
1940,1729,778,2.0,2051.68,0.0,2051.68,1865.38
1941,1611,1379,1.0,548.55,10.0,493.7,250.46
1942,437,271,1.0,2366.53,5.0,2248.2,842.48
1943,468,1936,1.0,1149.86,10.0,1034.87,430.15
1944,234,436,2.0,738.97,0.0,738.97,646.64
1945,246,726,1.0,1776.36,5.0,1687.54,844.29
1946,3350,222,1.0,1403.42,0.0,1403.42,670.55
1947,90,6262,1.0,1258.44,0.0,1258.44,654.23
1948,1070,245,1.0,1702.14,5.0,1617.03,718.08
1949,395,1673,1.0,656.19,,656.19,379.75
1950,638,567,1.0,423.64,30.0,296.55,39.36
1951,1123,293,1.0,1913.56,0.0,1913.56,1037.97
1952,1072,117,1.0,1785.41,15.0,1517.6,477.61
1953,627,1364,1.0,956.28,30.0,669.4,127.09
1954,637,1778,1.0,569.88,0.0,569.88,229.09
1955,1996,315,1.0,1958.76,5.0,1860.82,816.29
1956,519,1009,2.0,1922.96,0.0,1922.96,2032.36
1957,1572,6,2.0,595.33,20.0,476.26,239.46
1958,1981,1645,1.0,690.69,0.0,690.69,329.02
1959,1750,1400,1.0,1653.82,0.0,1653.82,666.32
1960,66,1675,1.0,2120.93,0.0,2120.93,862.17
1961,295,1674,1.0,1044.92,0.0,1044.92,604.88
1962,1817,443,1.0,919.75,5.0,873.76,364.86
1963,1692,1465,1.0,680.09,0.0,680.09,381.29
1964,1303,510,3.0,1058.79,15.0,899.97,835.74
1965,1361,927,1.0,1976.89,10.0,1779.2,592.93
1966,1711,1174,1.0,2458.48,15.0,2089.71,897.99
1967,1336,1890,1.0,1848.97,0.0,1848.97,797.41
1968,1680,1950,1.0,2041.9,0.0,2041.9,1175.84
1969,1851,647,1.0,1107.52,5.0,1052.14,522.59
1970,330,786,1.0,2413.77,0.0,2413.77,1243.91
1971,1525,210,2.0,2432.11,0.0,2432.11,2528.82
1972,1099,1837,1.0,839.5,10.0,755.55,310.26
1973,1573,1025,1.0,709.55,0.0,709.55,405.12
1974,319,1223,1.0,2139.13,0.0,2139.13,937.31
1975,1601,81,1.0,1716.25,0.0,1716.25,883.73
1976,585,1136,1.0,2288.64,15.0,1945.34,763.81
1977,729,327,1.0,1673.98,15.0,1422.88,680.85
1978,1378,1378,1.0,1616.63,0.0,1616.63,775.87
1979,101,1083,1.0,528.16,,448.94,182.27
1980,929,1587,2.0,2191.53,0.0,2191.53,1668.06
1981,117,1486,2.0,1711.59,0.0,1711.59,1550.58
1982,1474,4012,1.0,2003.51,0.0,2003.51,1063.63
1983,131,1382,1.0,1688.88,0.0,1688.88,930.81
1984,1432,1046,1.0,336.08,0.0,336.08,154.82
1985,849,1499,1.0,785.65,5.0,746.37,274.15
1986,1576,1233,2.0,1782.54,30.0,1247.78,353.1
1987,914,1246,,1522.35,0.0,1522.35,670.71
1988,817,551,2.0,1729.67,0.0,1729.67,1733.74
1989,1971,1827,2.0,1664.55,10.0,1498.1,1501.4
1990,526,161,1.0,1546.08,5.0,1468.78,532.03
1991,1742,204,1.0,2039.34,0.0,2039.34,987.99
1992,538,1695,1.0,325.63,10.0,293.07,115.69
1993,1139,1103,1.0,598.48,15.0,508.71,209.05
1994,378,1419,1.0,2471.37,15.0,2100.66,711.13
1995,629,1154,1.0,501.79,15.0,426.52,121.56
1996,1893,833,1.0,1293.05,15.0,1099.09,331.63
1997,380,888,1.0,413.12,0.0,413.12,193.68
1998,1868,1635,1.0,2480.85,0.0,2480.85,1398.35
1999,1459,934,1.0,673.43,20.0,538.74,253.63
2000,334,938,1.0,2384.99,0.0,2384.99,1117.24
90,404,1146,1.0,2120.62,10.0,1908.56,743.75
1407,1516,915,1.0,1167.31,0.0,1167.31,622.75
1491,1941,333,2.0,1160.98,0.0,1160.98,1338.88
1164,262,1231,1.0,675.78,5.0,641.99,269.79
1384,1149,1821,1.0,661.67,10.0,595.5,257.32
1255,1302,470,1.0,1405.6,5.0,1335.32,646.12
1173,885,804,1.0,1232.38,0.0,1232.38,554.6
966,635,1580,1.0,1499.72,0.0,1499.72,801.67
419,1383,246,1.0,688.3,0.0,688.3,360.77
1643,10,1336,,1931.33,0.0,1931.33,908.75
1171,1128,1489,1.0,1084.52,20.0,867.62,326.31
428,1605,1432,2.0,1306.82,0.0,1306.82,1238.88
40,39,1947,1.0,455.22,15.0,386.94,188.46
1091,577,1902,1.0,1284.31,10.0,1155.88,528.6
26,238,1784,1.0,1491.34,0.0,1491.34,651.94
579,747,1506,1.0,557.82,10.0,502.04,160.7
562,284,642,1.0,1569.82,0.0,1569.82,739.91
334,203,508,2.0,2360.54,0.0,2360.54,2122.3
1870,1738,174,2.0,2217.02,0.0,2217.02,1880.16
492,1437,1890,1.0,1848.97,0.0,1848.97,797.41
1532,260,1302,1.0,529.27,0.0,529.27,239.17
639,1054,1962,1.0,1306.26,10.0,1175.63,475.44
741,600,633,1.0,2073.82,0.0,2073.82,888.95
45,253,1176,1.0,433.67,0.0,433.67,250.67
60,1436,1484,2.0,2327.92,0.0,2327.92,2134.2
1353,891,781,2.0,1536.86,0.0,1536.86,1688.94
1036,1262,416,1.0,1392.97,0.0,1392.97,675.42
382,532,794,,503.34,30.0,352.34,92.53
1111,1634,391,3.0,2358.15,0.0,2358.15,2909.37
342,246,726,1.0,1776.36,5.0,1687.54,844.29
