order_id,customer_id,store_id,order_date,order_status,payment_mode
1,135,1580,2026-05-26,Completed,Card
2,1992,833,2025-03-10,Completed,Cash
3,294,1668,2023-02-04,Completed,Card
4,1169,1711,2026-06-22,Completed,UPI
5,1592,1642,2026-02-13,Completed,UPI
6,653,667,2023-11-03,Completed,UPI
7,427,834,2023-12-28,Returned,upi
8,623,1413,2024-06-05,Completed,Card
9,967,424,2025-08-20,Completed,UPI
10,1660,566,2026-05-24,Completed,UPI
11,1970,774,2024-10-04,Completed,UPI
12,74,693,2026-04-19,Completed,Card
13,1047,33,2026-03-14,Completed,UPI
14,1924,1156,2023-11-27,Completed,Card
15,1812,1412,2026-01-26,Completed,UPI
16,1426,431,2025-02-13,Completed,Net Banking
17,1276,1808,2024-12-05,Completed,UPI
18,1946,1008,2023-07-23,Completed,UPI
19,2,456,,Completed,UPI
20,1007,1775,2023-01-28,Completed,UPI
21,1460,1809,2025-01-16,Completed,Card
22,740,1469,2024-12-07,Completed,UPI
23,1343,997,2023-01-02,Completed,UPI
24,1111,1794,2026-03-24,Completed,upi
25,1056,679,2024-08-20,Completed,UPI
26,1890,1636,2025-05-16,Completed,UPI
27,860,875,,Returned,Card
28,494,1216,2025-12-25,Returned,Cash
29,924,264,2025-01-24,Completed,Card
30,591,903,2024-08-28,Completed,Card
31,485,129,2023-09-26,Completed,Cash
32,1227,1780,2025-06-19,Completed,UPI
33,1012,804,2026-02-25,Completed,Card
34,694,651,2024-12-17,Returned,UPI
35,477,1566,2023-04-29,Returned,Card
36,953,477,2024-10-11,Completed,Net Banking
37,353,1436,2025-11-21,Completed,UPI
38,532,1332,2025-10-16,Completed,UPI
39,551,1760,2026-04-10,Completed,Cash
40,651,1127,2025-06-23,Completed,UPI
41,63,1709,2024-09-30,Completed,Cash
42,289,1067,2026-01-10,Completed,Card
43,1035,1844,2023-01-12,Completed,Card
44,1854,724,2026-03-30,,Card
45,598,42,2023-08-06,Returned,Card
46,1834,1196,2024-01-20,Completed,Card
47,916,955,2024-10-20,Completed,UPI
48,1390,1046,2025-12-18,Returned,Card
49,114,158,2025-06-07,Completed,UPI
50,631,1412,2025-07-25,Returned,UPI
51,39,1519,2023-11-19,Returned,UPI
52,355,1997,2026-02-16,Completed,upi
53,352,670,2026-01-07,Completed,UPI
54,33,1914,2023-07-23,Completed,Card
55,1365,1077,2023-05-19,Completed,Card
56,1282,1560,2026-05-22,Completed,UPI
57,121,1643,2024-09-05,Completed,Card
58,863,486,2024-12-16,Completed,Card
59,1181,146,2025-06-20,Completed,UPI
60,1475,1524,2026-06-28,Returned,UPI
61,1592,111,2024-03-22,Completed,UPI
62,295,399,2023-02-28,Completed,UPI
63,157,1704,2026-05-12,Completed,Net Banking
64,675,1862,2026-02-26,Completed,UPI
65,997,12,2024-07-16,Returned,UPI
66,558,768,2024-01-17,Returned,Card
67,1756,1271,2023-12-22,Completed,UPI
68,154,1419,2025-03-30,Completed,UPI
69,1146,626,2023-09-16,Completed,Card
70,442,1466,2024-09-11,Completed,UPI
71,318,894,2024-08-23,Completed,Card
72,1671,945,2024-12-28,Completed,UPI
73,1979,485,2025-02-14,Completed,Card
74,760,1276,2025-12-27,Completed,UPI
75,1169,375,2026-04-15,Completed,UPI
76,1169,406,2025-10-13,Completed,Net Banking
77,1971,287,2026-02-17,Completed,Card
78,923,1293,2024-10-21,Completed,Cash
79,890,200,2024-04-13,Completed,Cash
80,1816,1640,2026-05-20,Returned,Cash
81,693,1950,2025-12-20,Completed,UPI
82,1920,660,,Completed,Net Banking
83,1008,1625,2025-06-03,Cancelled,Net Banking
84,1491,659,2025-08-23,Completed,Net Banking
85,1416,1597,2026-06-22,Completed,Card
86,1961,1023,2025-12-23,Completed,Card
87,300,1733,2023-08-31,Completed,UPI
88,1597,1702,2025-07-02,Completed,UPI
89,1735,836,2024-06-05,Completed,Cash
90,1982,1113,2025-12-16,Completed,Card
91,1720,1765,2026-03-31,Completed,Cash
92,233,244,2026-04-10,Completed,UPI
93,362,1233,2025-07-12,Completed,Net Banking
94,1653,140,2023-11-25,Completed,Card
95,608,1086,2025-01-23,Returned,UPI
96,1217,1204,2025-08-13,Completed,Net Banking
97,1072,1435,2025-11-10,Completed,Net Banking
98,4318,1898,2025-02-02,Completed,UPI
99,4574,1928,2026-06-27,Completed,UPI
100,802,1548,2025-02-10,Returned,UPI
101,974,1955,2024-03-02,Completed,Cash
102,33,534,2026-01-18,Completed,Net Banking
103,296,1300,2024-06-04,Completed,Net Banking
104,153,986,2025-12-06,,UPI
105,1175,674,2025-08-04,Completed,Card
106,1471,1579,2023-06-01,Completed,Net Banking
107,1498,748,2025-02-27,Completed,Card
108,624,1176,2025-12-10,Completed,  Cash  
109,1986,620,2025-10-18,Completed,UPI
110,268,1669,2025-05-19,Completed,UPI
111,339,183,2025-12-28,Completed,UPI
112,627,1114,2025-04-25,Completed,Cash
113,1636,1448,2024-11-04,Completed,Card
114,412,965,2026-05-31,Completed,UPI
115,1945,122,2023-01-19,Completed,Card
116,1163,1224,2024-07-21,Completed,UPI
117,1284,1429,2025-03-14,Completed,UPI
118,339,979,2024-10-03,Completed,upi
119,1314,1066,2026-03-30,Completed,Card
120,863,957,2026-01-22,Completed,Cash
121,231,1047,2024-03-15,Completed,Net Banking
122,9,422,2024-04-28,Returned,Card
123,520,854,2025-06-03,Completed,Card
124,1218,5089,2025-04-21,Completed,UPI
125,1874,1043,2026-05-12,Completed,UPI
126,1723,679,2024-05-10,Completed,Net Banking
127,771,1803,2023-11-15,Completed,Cash
128,730,1928,2025-09-23,Returned,Card
129,1161,1192,2025-02-02,Completed,Cash
130,265,626,2025-06-12,Cancelled,UPI
131,398,1081,2025-01-03,Completed,Net Banking
132,1237,1210,2025-11-11,Returned,UPI
133,719,1032,2023-12-07,Completed,Card
134,289,34,2026-05-23,Completed,Card
135,1419,1942,2026-01-11,Completed,UPI
136,1676,103,2025-07-10,Completed,Card
137,485,1797,2025-09-30,Completed,Net Banking
138,1032,839,2023-03-02,Completed,UPI
139,1304,1455,2025-11-10,Completed,UPI
140,1407,760,2024-04-18,Completed,UPI
141,12,897,2024-02-20,Returned,Cash
142,252,47,2024-09-19,Completed,Card
143,1402,1572,2023-07-15,Completed,UPI
144,537,307,2024-04-29,Completed,Net Banking
145,917,1366,2025-05-23,Completed,Card
146,325,1797,2024-12-14,Completed,Card
147,1912,1223,2026-05-11,Returned,UPI
148,1339,1559,2024-09-29,Completed,UPI
149,1137,739,2024-03-17,Returned,UPI
150,1935,523,2026-04-18,Completed,Cash
151,1492,43,2025-03-18,Completed,UPI
152,1921,1896,2024-11-15,Cancelled,UPI
153,1663,359,2026-04-24,Completed,Cash
154,6644,591,2024-08-17,Completed,Net Banking
155,667,753,2025-05-19,Completed,Cash
156,1813,1048,2026-02-10,Completed,Card
157,1239,1482,2025-07-03,Completed,Cash
158,85,1001,2024-06-30,,Card
159,451,855,2024-06-02,Completed,Card
160,665,128,2023-01-18,Completed,UPI
161,3572,977,2024-07-21,Completed,UPI
162,3698,1254,2025-04-11,Completed,UPI
163,517,1160,2025-11-08,Returned,Net Banking
164,1528,19,2026-06-03,Returned,Card
165,1772,512,2024-08-31,Cancelled,Card
166,1424,444,2025-01-06,Completed,UPI
167,1282,658,2025-05-30,Returned,Net Banking
168,52,1998,2024-09-22,Completed,Net Banking
169,334,520,2024-09-04,Completed,UPI
170,1477,1643,2025-01-17,Completed,UPI
171,1111,1142,2025-07-28,Completed,UPI
172,1992,1575,2025-12-20,Completed,Card
173,1659,1369,2025-04-09,Completed,UPI
174,183,775,2025-08-17,Completed,Cash
175,1973,146,2026-03-31,Completed,UPI
176,333,1017,2024-07-04,Completed,Cash
177,1261,1618,2026-02-15,Completed,Card
178,268,1388,2026-06-14,Completed,UPI
179,780,491,2026-01-19,Completed,Card
180,1404,412,2024-09-08,,Card
181,594,1062,2025-01-31,Completed,UPI
182,585,1218,2024-11-26,Completed,UPI
183,1238,62,2024-07-28,Completed,UPI
184,606,1251,2023-10-25,Completed,Cash
185,201,1431,2024-05-24,Returned,UPI
186,1632,1423,2026-01-12,Completed,UPI
187,1292,1447,2024-03-26,Returned,UPI
188,1401,17,2024-02-09,Returned,UPI
189,646,1910,2026-01-17,Completed,UPI
190,109,1783,2026-03-20,Completed,UPI
191,1668,1883,2025-11-15,Completed,Net Banking
192,1648,987,2024-08-20,Completed,UPI
193,291,834,2024-08-17,Completed,Cash
194,1703,245,2026-05-14,Completed,UPI
195,555,1164,2025-06-01,Cancelled,UPI
196,1948,1941,2024-11-29,Completed,UPI
197,1791,1566,2026-02-22,Completed,UPI
198,1048,1346,2024-04-14,Completed,Net Banking
199,796,844,2024-07-12,Completed,UPI
200,1270,1325,2025-06-01,Completed,UPI
201,1815,590,2025-02-10,Completed,UPI
202,488,1941,2023-03-03,Completed,Cash
203,1711,1317,2025-05-19,Completed,Card
204,351,435,2026-03-13,Cancelled,UPI
205,1036,78,2023-09-22,Completed,Net Banking
206,1409,1429,2026-04-18,Completed,Card
207,497,432,2025-12-08,Completed,Net Banking
208,1758,205,2026-04-27,Completed,Card
209,1122,97,2025-03-05,Completed,Cash
210,406,1549,2023-05-14,,Card
211,953,1447,2023-01-15,Completed,Net Banking
212,1174,1029,2026-01-09,Completed,Card
213,1678,578,2023-06-28,Completed,Cash
214,395,1877,2023-05-04,Completed,Card
215,281,1385,2025-12-03,Completed,Card
216,376,1060,2023-05-10,Completed,Card
217,1695,1547,2024-02-13,Completed,Cash
218,1530,1874,2024-06-14,Completed,Card
219,13,1177,2023-06-14,Completed,UPI
220,301,1966,2024-05-23,Completed,UPI
221,1425,1595,2025-12-05,Returned,Card
222,360,999,2025-05-21,Completed,Cash
223,890,3,2026-05-27,Returned,Net Banking
224,503,1791,2024-03-06,Completed,UPI
225,317,939,2026-03-26,Completed,Net Banking
226,921,355,2024-12-09,Completed,Cash
227,1615,302,2023-04-13,Completed,UPI
228,311,191,2026-04-07,Completed,UPI
229,1268,588,2024-01-22,,UPI
230,1549,1193,2025-12-26,Completed,UPI
231,276,1081,2026-02-13,Returned,Card
232,1468,797,2024-05-15,Completed,UPI
233,769,1957,2024-12-19,Completed,Cash
234,181,1048,2026-03-07,Completed,Card
235,1333,22,2024-11-26,Completed,UPI
236,1905,302,2024-04-08,Completed,UPI
237,1533,1786,2026-01-26,Returned,UPI
238,1665,1376,2023-09-25,Completed,UPI
239,1932,1781,2026-06-07,Completed,UPI
240,579,127,2025-11-14,Completed,UPI
241,1573,278,2025-12-08,Completed,UPI
242,671,1116,2025-11-24,Returned,Net Banking
243,710,172,2026-06-20,Returned,UPI
244,865,1220,2024-03-27,Completed,Card
245,1073,1255,2023-07-21,Completed,UPI
246,247,1340,2026-03-15,Completed,UPI
247,1197,1024,2026-03-06,Completed,Card
248,257,1510,2026-03-23,Completed,Card
249,581,1923,2024-12-23,Completed,UPI
250,747,1919,2024-06-13,Completed,UPI
251,648,1982,2026-03-26,Completed,UPI
252,1699,295,2023-08-06,Completed,Card
253,1826,979,2023-10-01,Completed,Card
254,1413,1310,2026-02-21,Completed,UPI
255,130,219,2025-02-26,Completed,Cash
256,1405,758,2025-05-10,Returned,UPI
257,1103,101,2025-01-18,Completed,UPI
258,1533,1271,2023-10-08,Completed,Card
259,1618,1420,2025-04-25,Completed,Card
260,353,560,2025-05-02,Completed,Net Banking
261,1699,773,2025-07-10,Completed,UPI
262,62,1544,2024-10-14,Completed,Card
263,459,409,2026-04-01,Completed,UPI
264,1900,640,2023-08-29,Completed,UPI
265,138,369,2024-09-08,Completed,Card
266,185,1151,2025-01-01,Completed,UPI
267,275,311,2025-08-01,Returned,Card
268,327,392,2025-07-28,Cancelled,UPI
269,1771,1337,2026-06-18,Returned,UPI
270,331,306,2024-10-07,Completed,Cash
271,342,1571,2025-09-09,Completed,Card
272,926,1529,2026-06-13,Completed,Cash
273,1642,1702,2023-11-26,Completed,Card
274,538,1317,2024-04-18,Completed,UPI
275,940,1972,2025-06-20,,Card
276,1883,693,2024-07-21,Completed,Net Banking
277,1951,1758,2026-02-25,Completed,Card
278,469,240,2025-11-09,Completed,Net Banking
279,1900,1497,2024-01-18,Completed,Card
280,1858,1646,2025-04-15,Completed,Net Banking
281,1730,807,2026-05-19,Completed,Cash
282,1390,1468,2025-03-17,Returned,UPI
283,946,1545,2024-05-19,Completed,UPI
284,1373,240,2025-08-19,Completed,Card
285,1098,49,2025-03-22,Completed,UPI
286,1086,948,2026-04-15,Completed,UPI
287,47,1264,2025-09-08,Completed,Card
288,1364,274,2025-04-03,Completed,Card
289,1794,341,2023-11-23,Completed,UPI
290,1603,1791,2025-12-16,,Card
291,806,247,2023-12-06,Returned,UPI
292,793,578,2023-09-17,Completed,UPI
293,1971,258,2023-03-29,Cancelled,Card
294,217,1286,2025-10-16,Completed,Cash
295,244,524,2025-08-16,Completed,Net Banking
296,690,315,2025-08-12,Completed,UPI
297,1712,1699,2025-07-05,Completed,UPI
298,952,675,2025-08-01,Completed,Net Banking
299,1942,1268,2025-10-11,Completed,Card
300,1173,305,2026-01-25,Returned,UPI
301,115,156,2026-04-24,Completed,UPI
302,562,653,2025-11-30,Cancelled,Net Banking
303,955,317,2025-06-05,Completed,UPI
304,1851,1977,2023-03-27,Completed,Card
305,438,70,2026-04-21,Cancelled,Card
306,1850,489,2026-04-19,Completed,UPI
307,1732,905,2026-01-13,Completed,Cash
308,1088,1329,2025-05-05,Completed,Card
309,120,1590,2025-02-02,Returned,UPI
310,1093,1328,2024-12-10,Completed,UPI
311,1903,1907,2025-04-20,,Cash
312,702,1354,2023-06-11,Completed,Card
313,195,16,2025-09-09,,UPI
314,1568,473,2023-12-29,Completed,UPI
315,737,162,2025-08-21,,UPI
316,353,124,2025-02-25,Completed,Net Banking
317,675,1856,2025-12-30,Completed,UPI
318,724,576,2026-01-24,Returned,Card
319,1371,1077,2026-02-10,Completed,Card
320,1085,1806,2024-08-26,Completed,Card
321,48,1514,2023-01-14,Completed,UPI
322,1124,3748,2026-04-14,Completed,UPI
323,714,1671,2023-11-03,Completed,UPI
324,1139,483,2025-09-26,Completed,UPI
325,178,1537,2025-10-15,Completed,Card
326,1668,1703,2023-11-26,Completed,Net Banking
327,973,4380,2025-04-01,Completed,Cash
328,1882,783,,Completed,Net Banking
329,1721,534,2025-04-28,Cancelled,Net Banking
330,1153,1706,2023-12-21,Cancelled,Net Banking
331,1548,1611,2023-12-15,Cancelled,Net Banking
332,266,1940,2024-11-27,Completed,  UPI  
333,1894,604,2024-09-29,Completed,UPI
334,1374,887,2026-06-01,Completed,Cash
335,892,1711,2025-08-19,Completed,UPI
336,297,94,2025-01-10,Completed,UPI
337,804,130,2024-04-20,Completed,UPI
338,1990,846,2025-07-20,Completed,Cash
339,1748,1167,2026-02-24,Completed,Net Banking
340,1082,1801,2025-05-01,Returned,UPI
341,72,951,2025-12-24,Completed,Cash
342,1302,570,2026-04-30,Completed,UPI
343,11,183,2025-03-11,Cancelled,Cash
344,803,1002,2026-02-09,Completed,Cash
345,1218,669,2023-10-27,Completed,UPI
346,1673,515,2025-02-12,Completed,UPI
347,489,1759,2025-02-04,Completed,UPI
348,54,1417,2024-09-09,Completed,UPI
349,46,1481,2024-10-10,Completed,Cash
350,1203,609,2024-08-19,Completed,Card
351,1223,1178,2024-04-19,Completed,Card
352,1829,1640,2025-04-21,Completed,UPI
353,1782,1765,2024-03-14,Completed,Cash
354,903,205,2023-09-07,Completed,UPI
355,291,924,2025-10-22,Completed,  UPI  
356,6637,765,2024-08-27,Completed,UPI
357,271,1172,2025-01-11,Completed,Cash
358,1671,69,2026-02-15,Completed,UPI
359,1586,67,2025-07-31,Completed,UPI
360,5378,401,2023-01-21,Completed,Net Banking
361,1345,462,,Completed,UPI
362,3469,898,2025-02-05,,UPI
363,885,312,2024-07-01,Completed,UPI
364,553,1940,2025-09-14,Completed,UPI
365,318,1826,2026-04-20,Completed,Card
366,516,986,2026-03-02,Completed,Card
367,760,1534,2026-06-23,Completed,Card
368,799,571,2024-12-05,Completed,Net Banking
369,1766,725,2024-04-16,Completed,  Card  
370,1151,476,2026-04-20,Completed,UPI
371,1450,1676,2026-04-14,Completed,UPI
372,1258,811,2023-12-07,Completed,Card
373,1961,569,2025-02-09,Completed,UPI
374,1142,1713,2025-08-09,Completed,Card
375,852,849,2026-05-12,Completed,UPI
376,1839,1100,2026-05-08,Returned,Cash
377,1005,1054,2026-05-27,,upi
378,1963,1235,2024-03-28,Completed,UPI
379,1748,402,2026-05-06,Completed,Card
380,1466,1442,2025-06-28,Completed,UPI
381,310,1266,2024-11-12,Completed,Net Banking
382,1157,672,2023-02-12,Completed,Card
383,979,1052,2023-11-19,Completed,Card
384,854,1358,2025-08-03,Completed,UPI
385,134,1040,2026-02-07,Completed,Net Banking
386,1434,462,2025-11-07,Returned,Cash
387,121,1193,2025-09-09,Returned,UPI
388,1083,1322,2024-04-30,Completed,UPI
389,1203,1898,,Completed,UPI
390,902,289,2026-04-19,Completed,UPI
391,1278,1895,2026-02-19,Completed,UPI
392,1787,437,2025-04-25,Returned,Card
393,1138,135,2026-02-04,Completed,Card
394,566,767,2025-09-16,Completed,UPI
395,1559,637,2023-06-24,Returned,UPI
396,935,32,2025-02-14,Completed,UPI
397,154,1959,2025-03-23,Completed,Cash
398,1171,726,2025-01-23,Completed,Card
399,179,359,2026-06-26,Completed,Cash
400,1244,988,2026-04-29,Completed,Card
401,449,869,2026-02-07,Completed,Card
402,733,670,2023-01-17,Returned,Card
403,593,1888,2025-03-03,Completed,UPI
404,218,1403,2025-11-11,Completed,UPI
405,1941,1643,2025-07-24,Completed,UPI
406,265,961,2024-04-02,Completed,Card
407,847,1716,2026-02-13,Returned,UPI
408,1328,450,2024-03-08,Completed,UPI
409,401,436,2026-05-17,Completed,Card
410,1995,1780,2025-09-24,Completed,UPI
411,151,467,2023-05-11,Completed,UPI
412,1843,818,2024-03-23,,Cash
413,1002,709,2025-06-16,Completed,Cash
414,1189,1726,2025-10-22,Completed,Cash
415,1640,1594,2025-10-31,Completed,UPI
416,1963,134,2024-10-31,Completed,Cash
417,1213,514,2024-05-07,Completed,UPI
418,635,1912,2026-03-16,Completed,UPI
419,1482,32,2024-12-06,Completed,UPI
420,853,147,2025-12-25,Completed,UPI
421,1521,1978,2025-05-15,Cancelled,Net Banking
422,665,513,2023-10-12,Completed,UPI
423,1424,3726,2024-03-05,Completed,UPI
424,1999,567,2025-11-06,Completed,Card
425,1620,1695,2026-04-03,Completed,Card
426,1569,1603,2024-11-11,Completed,UPI
427,411,225,2025-12-26,Completed,Net Banking
428,738,1075,2024-03-06,Completed,UPI
429,1824,3385,2025-12-16,Completed,UPI
430,311,298,2024-12-25,Completed,UPI
431,1051,1241,2026-04-03,,Card
432,876,172,2026-04-08,,Card
433,59,1562,2025-06-05,Completed,UPI
434,1612,850,2026-02-24,Completed,Cash
435,294,1821,2023-05-20,Completed,Card
436,332,1134,2026-06-12,Completed,UPI
437,705,808,2024-11-05,Completed,Card
438,1614,120,2025-05-24,Completed,UPI
439,977,1738,2025-10-16,Completed,Card
440,405,619,2025-01-05,Completed,Card
441,734,1196,2026-05-03,Completed,Cash
442,1451,634,2024-10-19,Completed,UPI
443,1177,731,2026-06-04,Completed,UPI
444,1323,400,2023-08-14,Completed,UPI
445,1804,1930,2025-11-25,Returned,UPI
446,711,188,2025-05-21,Completed,UPI
447,944,1530,2024-01-06,Completed,Cash
448,1819,792,2026-01-18,Returned,UPI
449,1925,1990,2025-10-16,Completed,UPI
450,512,1671,2023-08-20,Completed,Card
451,1625,1180,2023-04-05,Completed,UPI
452,1760,212,2024-11-22,Completed,Card
453,4711,1485,2023-01-02,Returned,Card
454,1819,4,2025-01-01,Returned,Cash
455,1930,1157,2026-05-15,Completed,Cash
456,1468,534,2025-12-07,Completed,Net Banking
457,1441,100,2024-12-11,Completed,UPI
458,745,1102,2025-11-15,Completed,Cash
459,1752,153,2025-06-06,Completed,UPI
460,318,330,2026-02-20,Completed,Card
461,867,358,2026-06-04,Completed,Card
462,46,1324,2025-07-20,Completed,Card
463,1790,717,2023-03-29,Completed,UPI
464,1833,137,2024-10-27,Completed,UPI
465,1271,740,2025-11-27,Completed,Card
466,188,1266,2026-04-21,Completed,Card
467,1878,1266,2024-11-04,Completed,UPI
468,1304,754,2025-11-23,Completed,UPI
469,1922,161,2025-03-03,Returned,UPI
470,511,1857,2023-07-05,Completed,UPI
471,1221,376,2024-05-25,Returned,Card
472,1074,826,2025-10-23,Completed,UPI
473,967,484,2025-04-14,Completed,Card
474,650,1165,2023-02-03,Completed,UPI
475,1965,1619,2026-06-30,Completed,Card
476,1044,1273,2025-11-29,Returned,Card
477,1108,1650,2026-01-10,Completed,UPI
478,1903,1554,2025-02-13,Completed,Net Banking
479,565,9,2026-05-04,Returned,Card
480,1430,1385,2024-03-26,Completed,UPI
481,259,239,2025-12-10,Completed,Cash
482,304,1301,2026-01-04,Completed,UPI
483,1066,1232,2025-10-27,Completed,Cash
484,1751,1752,2025-12-07,Completed,Card
485,1226,176,2025-02-15,Completed,UPI
486,803,1419,2025-02-19,Completed,UPI
487,93,1878,2026-01-07,Returned,UPI
488,464,86,2026-01-20,Completed,UPI
489,1854,672,2023-10-21,Completed,Cash
490,38,1231,2025-04-27,Returned,Card
491,1019,1819,2024-11-20,Returned,UPI
492,1167,707,2023-11-30,Completed,UPI
493,1445,877,2024-04-16,Completed,UPI
494,1960,851,2024-04-29,Completed,UPI
495,1635,1774,2024-10-28,Completed,Card
496,824,1773,2025-01-27,Completed,Card
497,1331,721,2025-05-30,Completed,Cash
498,402,1189,2025-07-07,Completed,Card
499,1605,1634,2024-09-30,Completed,Cash
500,679,1727,2023-05-26,Cancelled,UPI
501,1293,240,2026-03-10,Completed,Card
502,442,907,2026-06-26,Completed,UPI
503,58,607,2025-05-18,Completed,Card
504,1069,1780,2023-03-10,Completed,Card
505,52,1428,2023-06-24,Completed,Net Banking
506,1215,978,2023-02-11,Completed,Card
507,1200,1560,2025-07-12,Completed,Cash
508,1496,1215,2025-09-14,Completed,UPI
509,1332,1604,,Completed,Card
510,59,506,2026-03-14,Completed,UPI
511,248,210,2025-10-01,Completed,Net Banking
512,1094,463,2024-05-17,Completed,Card
513,346,381,2024-02-11,Completed,UPI
514,609,372,2023-12-20,Completed,UPI
515,1568,826,2025-08-04,Completed,UPI
516,1229,1549,2025-11-05,Completed,Net Banking
517,2,164,2024-09-16,,Card
518,378,1999,2026-01-28,Completed,Cash
519,1936,187,2024-05-23,Completed,UPI
520,1970,988,2025-11-26,Completed,UPI
521,1059,1539,2024-12-27,Completed,Card
522,1697,711,2023-10-18,Completed,Net Banking
523,1388,1408,2026-05-21,Completed,Card
524,486,1464,2024-08-02,Completed,Cash
525,1143,1440,2024-03-12,Completed,Card
526,1334,1909,2024-12-05,Completed,Card
527,1177,1482,2026-02-10,Completed,Net Banking
528,201,1458,2024-10-15,Completed,Card
529,1663,1308,2026-01-08,Cancelled,UPI
530,530,6408,2025-01-03,Completed,UPI
531,313,357,2023-09-21,Completed,Cash
532,421,1,2025-08-09,Completed,Card
533,1610,1304,2025-11-16,Completed,Cash
534,787,1088,2025-05-04,Returned,Cash
535,1637,1372,2025-07-28,Completed,Cash
536,1934,493,2026-02-21,Completed,UPI
537,1131,1950,2024-07-30,Completed,Card
538,772,1180,2026-04-01,Completed,UPI
539,662,1180,2023-06-10,Completed,UPI
540,934,625,2025-12-30,Completed,Net Banking
541,816,1484,2026-03-15,Completed,UPI
542,497,1314,2024-08-09,Completed,Card
543,992,571,2023-06-13,Returned,Card
544,1519,1896,2023-10-21,Completed,UPI
545,666,905,2026-01-24,Completed,UPI
546,1537,1841,2025-08-30,Completed,Net Banking
547,213,1975,2025-09-19,Completed,Card
548,829,452,2024-12-13,Cancelled,UPI
549,882,1147,2026-01-09,Completed,Cash
550,701,1378,2025-05-25,Returned,UPI
551,1201,1698,2026-03-14,Completed,UPI
552,1312,1538,2026-02-18,Completed,Cash
553,1278,1845,2026-05-30,Completed,UPI
554,1685,453,2024-01-05,Completed,Card
555,577,262,2023-03-30,Completed,Card
556,186,1215,2025-10-02,Completed,Cash
557,1553,1808,2024-07-25,Completed,Card
558,724,211,2023-06-15,Completed,Cash
559,1444,1223,2026-05-08,Completed,Card
560,1644,194,2025-01-27,Completed,Card
561,1200,1879,2024-03-10,Completed,Card
562,1103,1282,2025-01-08,Completed,UPI
563,1986,1132,2024-03-01,Completed,Net Banking
564,1225,1605,2026-01-06,Completed,Card
565,792,1370,2023-10-03,Completed,cash
566,766,1646,2023-04-11,Completed,UPI
567,982,1928,2025-09-09,Completed,UPI
568,1394,1509,2026-05-14,Returned,Cash
569,1422,1744,2025-04-07,Completed,UPI
570,847,1105,2025-11-19,Completed,UPI
571,1877,1336,2025-01-03,Completed,  Card  
572,1445,232,2024-11-19,Completed,Card
573,307,463,2026-03-14,Completed,UPI
574,658,959,2026-05-05,Completed,UPI
575,1802,1253,2024-12-30,Completed,UPI
576,905,550,2024-02-20,Completed,UPI
577,1103,367,2024-11-18,Completed,Card
578,683,358,2026-01-03,Completed,Cash
579,921,1581,2025-06-04,Completed,Cash
580,1825,113,2024-07-29,Completed,Card
581,1389,1035,2023-09-21,Completed,UPI
582,188,1281,2024-07-12,Completed,Cash
583,856,733,2023-11-21,Completed,UPI
584,983,133,2024-04-28,Completed,UPI
585,4,55,2025-04-18,Completed,UPI
586,1988,1622,2026-05-14,Completed,Card
587,371,1347,2024-01-26,Completed,Card
588,785,828,2026-04-17,Completed,Card
589,463,1597,2026-06-07,Completed,Cash
590,88,578,2024-10-25,Completed,Net Banking
591,43,1474,2024-09-01,Completed,Card
592,1090,253,2025-11-27,Completed,UPI
593,631,76,2024-12-08,Completed,UPI
594,1767,1809,2024-12-23,Completed,UPI
595,1638,1237,2026-01-19,Completed,Net Banking
596,620,897,2025-08-06,Completed,UPI
597,1674,851,2025-01-23,Cancelled,Net Banking
598,680,1436,2024-09-24,Completed,Card
599,364,487,2024-11-08,Completed,UPI
600,1684,1026,2024-01-23,Completed,UPI
601,193,851,2023-10-22,Completed,Card
602,528,17,2024-08-04,Completed,UPI
603,1929,190,2024-05-09,Completed,UPI
604,172,393,2025-11-20,Completed,UPI
605,1869,449,2025-06-20,Cancelled,UPI
606,1229,315,2024-05-13,Completed,Net Banking
607,1508,1112,2026-06-27,Cancelled,UPI
608,1743,469,2024-04-24,Completed,Net Banking
609,1159,565,2026-01-15,Completed,Card
610,1752,1090,2024-09-09,Completed,UPI
611,372,417,2025-05-10,Completed,UPI
612,425,510,2024-05-25,Completed,Cash
613,1996,799,2023-03-05,Completed,Net Banking
614,1293,4012,2025-02-17,Completed,UPI
615,1960,377,2023-07-30,Completed,Card
616,1629,1290,2026-01-28,Completed,Card
617,636,145,2025-07-16,,UPI
618,187,651,2025-05-18,Completed,UPI
619,771,1761,2026-01-03,Completed,UPI
620,1482,1988,2025-12-11,Completed,UPI
621,215,40,2024-09-19,Completed,Card
622,1863,455,2023-10-08,Completed,Card
623,503,1726,2024-11-29,Completed,UPI
624,1144,763,2023-03-20,Completed,Cash
625,1000,742,2024-10-20,Completed,UPI
626,1142,1322,2024-01-07,Completed,Cash
627,211,1906,2023-02-01,Completed,UPI
628,1661,1246,2023-04-10,Completed,UPI
629,1998,1096,2025-10-05,Completed,Card
630,826,770,2026-04-22,Completed,UPI
631,1263,1706,2023-07-31,Completed,Cash
632,643,336,2025-12-21,Completed,Cash
633,939,963,2024-01-24,Completed,Cash
634,1336,1935,2024-01-05,Cancelled,Net Banking
635,268,1415,2023-03-04,Completed,UPI
636,1907,1111,2023-03-14,Completed,UPI
637,648,998,2026-05-07,Completed,Card
638,1840,1314,2023-03-02,Completed,UPI
639,1259,1453,2025-10-26,,Card
640,385,755,2024-03-21,Completed,Card
641,1007,235,2026-05-27,Completed,Net Banking
642,68,1072,2026-06-18,Completed,Card
643,347,570,2025-01-28,Completed,Cash
644,957,219,2025-05-16,,Net Banking
645,837,1914,2024-06-13,Completed,UPI
646,1665,273,2026-01-17,Completed,UPI
647,70,1941,2026-03-26,Returned,UPI
648,71,273,2025-11-27,Completed,Cash
649,3,1336,2024-08-04,Completed,UPI
650,1415,1105,2024-04-18,Completed,UPI
651,1540,352,2024-03-26,Completed,UPI
652,1487,1386,2026-06-15,Completed,UPI
653,1341,984,2025-04-02,Completed,Card
654,1877,1738,2024-07-16,Completed,Card
655,401,679,2024-06-25,Completed,UPI
656,1456,1931,2025-11-14,Returned,UPI
657,234,986,2025-12-28,Returned,UPI
658,497,117,2023-09-02,Completed,Cash
659,1182,1754,2024-06-07,Cancelled,UPI
660,1719,1657,2024-12-04,Completed,Card
661,847,1088,2024-08-01,Completed,Net Banking
662,89,1739,2026-01-15,Cancelled,Cash
663,401,1106,2025-08-16,Completed,Cash
664,810,1123,2025-04-07,Completed,Net Banking
665,1067,587,2024-05-19,Completed,Net Banking
666,1861,435,2025-12-21,Completed,UPI
667,490,425,2023-12-23,Completed,UPI
668,1121,136,2025-08-20,Completed,UPI
669,1876,740,2024-08-02,Completed,Cash
670,1313,688,2025-03-21,Completed,UPI
671,1482,32,2024-11-21,Completed,Cash
672,1901,1905,2026-04-03,Completed,UPI
673,970,67,2025-11-14,Returned,Card
674,110,1742,2025-05-27,Completed,UPI
675,1364,1200,2024-11-17,Completed,UPI
676,1165,1431,2024-08-02,Completed,Card
677,1233,1752,2023-03-06,Completed,Card
678,1006,760,2024-10-31,Completed,UPI
679,984,1263,2023-03-22,Completed,Cash
680,1533,695,2025-12-14,Returned,Cash
681,1992,1859,2023-07-21,Completed,UPI
682,796,520,2025-10-09,Completed,Cash
683,1637,1933,2025-08-02,Completed,Cash
684,1021,1715,2024-03-14,Completed,Card
685,919,1990,2026-05-31,Completed,UPI
686,730,1892,2026-01-25,Completed,UPI
687,495,666,2026-03-22,Completed,  UPI  
688,1018,1026,2023-06-20,Completed,UPI
689,611,1553,2026-06-10,,UPI
690,1121,1883,2024-09-12,Completed,Card
691,648,487,2024-04-16,Completed,Card
692,133,1354,2024-11-12,Completed,UPI
693,1071,1345,2023-03-31,Completed,UPI
694,1124,98,2023-11-04,Cancelled,Net Banking
695,501,121,2025-01-26,Completed,Card
696,1600,1532,2025-04-17,Completed,Card
697,898,1049,2025-01-08,Completed,UPI
698,1883,912,2026-01-27,Completed,Net Banking
699,882,1070,2025-07-13,Returned,Cash
700,63,254,2026-05-02,Completed,UPI
701,953,1509,2026-06-18,Completed,UPI
702,531,261,2023-08-25,Completed,Card
703,938,711,2025-11-06,,Net Banking
704,367,1605,,,UPI
705,1530,3,2026-03-12,Completed,UPI
706,1894,1933,2026-05-09,Completed,Card
707,1441,954,2023-02-20,Returned,UPI
708,612,531,2025-02-14,Completed,UPI
709,34,614,2026-03-12,Completed,Card
710,866,670,2025-01-23,Completed,Card
711,29,67,2026-01-24,Completed,UPI
712,345,1226,2023-12-29,Completed,UPI
713,97,298,2025-12-08,Completed,upi
714,704,1428,2025-11-08,Returned,UPI
715,953,1063,2023-06-25,Returned,UPI
716,653,1196,2026-06-19,Completed,Card
717,1792,1942,2025-03-09,Completed,UPI
718,1720,1588,2024-08-17,Completed,Cash
719,1802,826,2023-12-14,Completed,Card
720,111,1171,2026-06-26,Completed,UPI
721,1108,1004,2026-05-31,Completed,Cash
722,1839,1667,2024-12-07,Completed,Net Banking
723,95,216,2025-11-22,Completed,Cash
724,994,1451,2026-04-23,Completed,UPI
725,429,985,2023-03-26,Completed,UPI
726,175,1844,2025-05-09,Completed,UPI
727,125,813,2026-03-16,Completed,Card
728,1492,633,2023-10-15,Completed,Card
729,236,621,2026-05-18,Completed,Card
730,27,257,2026-06-15,Completed,Card
731,1666,1620,2023-04-09,Completed,Cash
732,1407,243,2024-08-25,Completed,Cash
733,1925,1786,2025-03-12,Completed,UPI
734,556,1990,2026-06-21,,UPI
735,305,486,2025-08-19,Completed,Net Banking
736,1452,431,2024-10-01,Completed,Card
737,287,1440,2024-05-10,Completed,UPI
738,1763,1652,2024-09-30,Completed,Card
739,549,1199,2023-01-17,Returned,Card
740,311,1015,2026-01-14,,Cash
741,1919,279,2025-08-24,Completed,Net Banking
742,1705,1015,2026-03-08,Completed,Net Banking
743,343,1392,2023-01-01,Completed,Net Banking
744,1168,536,2024-12-20,Returned,UPI
745,1624,1950,2024-10-02,Completed,Card
746,1983,912,2026-06-07,Completed,Cash
747,1882,1180,2025-04-12,Completed,UPI
748,1742,140,2023-07-21,Completed,Card
749,408,1889,2025-02-14,Completed,UPI
750,816,1931,2024-09-14,Completed,Net Banking
751,128,409,2025-12-25,Completed,UPI
752,1367,825,2024-02-11,Returned,UPI
753,487,157,2026-02-22,Completed,UPI
754,725,1030,2026-03-25,Completed,Card
755,319,1431,,Completed,UPI
756,1390,1311,2023-09-07,Completed,Cash
757,1224,1769,2025-12-05,Completed,Card
758,1921,308,2024-06-06,Completed,UPI
759,1234,464,2026-01-06,Completed,UPI
760,1467,617,2024-10-12,Completed,UPI
761,1977,1889,2025-10-08,Completed,UPI
762,344,620,2023-06-24,Completed,Card
763,878,1565,2024-03-28,Completed,Card
764,1077,593,2024-05-02,Returned,UPI
765,1451,1434,2026-06-15,Completed,Card
766,1092,1074,2025-11-27,Completed,UPI
767,1322,762,2023-10-23,Completed,Card
768,1425,1760,2023-05-10,Completed,Cash
769,1304,886,2023-07-06,Returned,Card
770,1727,799,2025-07-06,Returned,Cash
771,235,1629,2025-03-02,Completed,Card
772,1638,1145,2024-02-26,Cancelled,UPI
773,1064,1275,2025-12-13,Completed,Cash
774,746,1066,2025-07-15,Completed,Cash
775,4013,539,2025-09-24,Completed,Card
776,207,438,2026-05-14,Cancelled,Cash
777,1582,542,2026-04-22,Returned,UPI
778,55,763,2023-04-26,Completed,Card
779,475,1919,2023-02-20,Completed,Net Banking
780,1732,1424,2024-11-27,Completed,UPI
781,1409,570,2025-02-08,Completed,UPI
782,1407,1890,2025-03-24,Completed,Card
783,673,1004,2026-06-17,Completed,Net Banking
784,120,1010,2026-06-25,Completed,UPI
785,523,1830,2023-01-06,,UPI
786,1606,1335,2023-03-14,Completed,UPI
787,866,309,2025-04-15,Returned,Card
788,1503,189,2025-03-06,Completed,UPI
789,581,706,2026-06-01,Completed,UPI
790,1676,1709,2025-09-27,Completed,UPI
791,831,1407,2024-09-13,Completed,UPI
792,74,902,2026-03-18,Completed,Card
793,1979,984,2026-05-22,Completed,UPI
794,63,1477,2024-05-11,,Card
795,97,1455,2026-06-11,Returned,Card
796,1825,899,2024-05-07,Completed,Net Banking
797,1124,1110,2024-12-01,Completed,UPI
798,1159,1403,2025-08-11,Completed,Cash
799,643,384,2025-07-17,Completed,Card
800,1401,825,2023-05-17,Completed,Card
801,344,205,2025-04-09,Completed,Cash
802,1795,707,2024-02-12,Completed,Card
803,1744,1793,2026-02-22,Completed,Card
804,1090,403,2026-01-07,Completed,Net Banking
805,832,1717,2023-06-03,Completed,Cash
806,1567,801,2024-07-05,Completed,UPI
807,278,1371,2023-05-21,Completed,Net Banking
808,1823,1917,2025-04-03,Completed,Card
809,1260,262,2026-03-29,Cancelled,UPI
810,938,803,2024-08-28,Completed,UPI
811,1754,1188,2024-12-16,Completed,Net Banking
812,323,72,2025-05-04,Completed,Cash
813,832,1880,2024-07-04,Completed,Cash
814,507,1850,2023-03-14,Completed,UPI
815,1076,767,2024-11-05,Completed,UPI
816,1419,1799,2025-07-10,Completed,UPI
817,259,1330,2025-02-13,Completed,Cash
818,616,685,2025-02-23,Completed,UPI
819,1107,917,2026-04-29,Completed,Cash
820,1818,437,2025-05-25,Completed,Card
821,1604,382,2024-07-02,Completed,UPI
822,879,1612,2026-04-11,Cancelled,Card
823,1155,1022,2024-02-26,Completed,UPI
824,1861,55,2024-12-28,Completed,Card
825,81,231,2025-05-30,Completed,Net Banking
826,1014,877,2023-05-01,Completed,Card
827,1970,1789,2026-04-11,Completed,UPI
828,1647,741,2023-07-28,Cancelled,Card
829,823,900,2025-02-09,Completed,CARD
830,1013,709,2026-01-17,Completed,Net Banking
831,3609,48,2026-03-10,Completed,Card
832,249,1035,2024-08-15,Completed,Card
833,1285,1310,2026-01-15,Completed,UPI
834,357,1013,2025-08-15,Completed,Card
835,1226,98,2024-09-08,Completed,UPI
836,1141,1423,2026-05-30,Completed,UPI
837,1801,490,2026-04-09,Completed,Cash
838,32,1621,2026-04-03,Completed,Net Banking
839,1495,27,2025-03-29,Completed,Card
840,42,934,2026-05-05,Completed,UPI
841,1514,648,2025-06-30,Completed,UPI
842,1599,174,2024-10-17,Completed,Net Banking
843,1953,823,2023-12-12,Completed,UPI
844,39,157,2026-03-03,Completed,UPI
845,67,1211,2026-05-04,Completed,Card
846,217,1090,2024-03-08,Returned,Net Banking
847,1348,1707,2025-04-09,Completed,Card
848,1069,1100,2026-05-29,Completed,UPI
849,3059,179,2026-01-31,Completed,UPI
850,1797,547,2026-01-23,Completed,Card
851,1022,1272,2023-12-12,Completed,Cash
852,1608,306,2026-04-23,Cancelled,UPI
853,1801,1411,2024-03-04,Completed,Net Banking
854,225,458,2023-06-21,Completed,Card
855,1014,1524,2025-01-02,Returned,UPI
856,792,844,2026-05-26,Completed,Cash
857,1023,4122,2025-07-17,Completed,Card
858,937,1772,2026-06-24,Completed,UPI
859,93,575,2023-12-04,Cancelled,UPI
860,1306,17,2025-03-22,Completed,UPI
861,909,1094,2024-09-02,Cancelled,Net Banking
862,1909,1627,2025-03-07,Completed,UPI
863,334,150,2025-06-11,Completed,Card
864,139,236,2025-03-04,Completed,Cash
865,1591,736,2023-10-01,Completed,Net Banking
866,550,884,2025-09-28,Completed,Card
867,325,1029,2025-08-26,Completed,Cash
868,437,520,2024-04-01,Completed,Net Banking
869,1726,921,2025-05-02,Completed,Cash
870,1587,415,2023-03-20,Completed,UPI
871,613,4659,2024-08-26,Completed,Cash
872,159,1638,2026-02-24,Completed,Cash
873,1630,1541,2026-04-18,Completed,UPI
874,633,1159,2025-11-17,Cancelled,Net Banking
875,1253,351,2026-04-13,Completed,Card
876,1980,71,2026-04-12,Completed,UPI
877,316,1954,2024-12-15,Returned,Card
878,1748,688,2024-08-18,Completed,Card
879,1184,614,2026-03-11,Completed,Card
880,1861,1775,2025-11-07,Completed,UPI
881,1609,743,2025-12-26,Completed,Card
882,533,1359,2024-06-11,Completed,Card
883,869,96,2025-08-26,Completed,Cash
884,554,871,2023-03-20,Cancelled,UPI
885,829,787,2023-04-03,,UPI
886,143,835,2026-04-28,Completed,Card
887,499,1188,2024-03-06,Completed,UPI
888,1892,1026,2023-04-17,Completed,UPI
889,1321,1934,2023-08-24,Completed,Card
890,554,875,2026-04-14,Completed,Card
891,977,129,2023-04-03,Completed,Cash
892,505,1509,2026-05-21,Completed,UPI
893,672,552,2025-12-13,Completed,UPI
894,194,36,2023-09-07,Completed,Net Banking
895,1977,880,2025-03-15,Completed,UPI
896,1809,1582,2023-05-20,Completed,UPI
897,684,434,2024-09-13,Completed,Net Banking
898,442,4885,2023-08-20,Completed,UPI
899,113,1856,2025-08-20,Completed,UPI
900,1189,1644,,Returned,Cash
901,458,653,2025-11-25,Returned,Card
902,322,1969,2023-08-13,Completed,UPI
903,1659,267,2025-03-01,Completed,UPI
904,142,359,2026-05-11,Completed,UPI
905,1228,320,2026-05-24,Completed,Cash
906,1657,569,2024-01-15,Completed,Cash
907,1843,1725,2024-09-12,Completed,Card
908,1264,893,2024-07-08,Completed,Cash
909,1073,768,2023-08-26,Completed,Net Banking
910,1117,1685,2025-01-05,Completed,Card
911,821,1003,2025-06-26,Completed,UPI
912,1422,633,2023-10-04,,Card
913,1634,1506,2025-01-23,Returned,Card
914,304,646,2026-04-27,Completed,Card
915,682,971,2026-02-08,Completed,card
916,1882,1518,2023-01-24,Completed,Card
917,1184,1840,2025-09-30,Completed,UPI
918,166,97,2026-05-30,Completed,UPI
919,1332,670,2023-05-20,Completed,UPI
920,954,463,2025-04-22,Cancelled,Cash
921,276,443,2024-06-01,Returned,Card
922,323,201,2024-08-18,Completed,UPI
923,465,1930,2025-10-18,Completed,Cash
924,42,1023,2024-12-12,Completed,Net Banking
925,672,789,2026-02-08,Completed,Card
926,398,1860,2023-11-21,Completed,Cash
927,966,1482,2025-07-07,Completed,Cash
928,1738,1069,2025-09-19,Completed,UPI
929,652,261,2026-04-05,Returned,UPI
930,1417,735,2023-12-31,Completed,UPI
931,951,1012,2024-02-24,Completed,Net Banking
932,684,191,2025-06-22,Completed,Cash
933,915,358,2025-12-29,Completed,Net Banking
934,1513,337,2023-06-03,Completed,Cash
935,1310,254,2026-06-24,Completed,Cash
936,995,1768,2026-06-15,Returned,Card
937,1126,1419,2023-12-31,Completed,UPI
938,592,1682,2025-09-23,Completed,UPI
939,1930,535,2026-01-27,Completed,UPI
940,725,881,,Completed,UPI
941,1311,1513,2026-03-27,Completed,UPI
942,264,1798,2023-02-22,Completed,UPI
943,1474,864,2024-02-29,Returned,UPI
944,70,1927,2025-10-23,Returned,Card
945,1173,919,2026-05-25,Completed,Cash
946,656,1752,2025-11-28,Completed,Card
947,1764,1538,2025-04-04,Completed,Cash
948,1508,953,2026-03-25,Completed,Card
949,1040,883,2026-05-02,Completed,UPI
950,286,837,2024-02-26,Completed,UPI
951,6592,683,2024-03-09,Completed,UPI
952,578,561,2023-06-10,Completed,UPI
953,1093,1785,2025-12-06,Cancelled,Card
954,1045,6312,2026-04-21,Completed,UPI
955,1746,1794,2023-03-19,Completed,UPI
956,534,102,2025-08-07,Completed,Card
957,1985,905,2026-03-07,Cancelled,Cash
958,1417,1462,2024-01-28,,UPI
959,1663,116,2025-04-23,Completed,Card
960,1321,690,2025-09-15,Completed,UPI
961,729,1005,2026-04-16,Completed,Net Banking
962,1717,1267,2025-08-06,Completed,UPI
963,748,861,2024-07-16,Completed,Card
964,329,1376,2023-09-01,Completed,Card
965,936,1753,2025-03-22,Completed,UPI
966,1025,273,2025-06-02,Completed,Cash
967,441,1715,2024-12-10,Completed,UPI
968,850,1286,2025-12-21,Completed,Cash
969,235,249,2026-03-16,Completed,UPI
970,1844,1159,2024-01-19,Completed,Card
971,1586,1681,2025-04-17,Completed,Card
972,1263,1093,2023-07-01,Completed,UPI
973,1066,1928,,Completed,Card
974,1429,817,2024-05-03,Completed,UPI
975,689,409,2026-02-25,Completed,Cash
976,938,265,2026-02-13,Completed,UPI
977,1902,709,2023-05-29,Completed,Card
978,131,1596,2023-11-22,Completed,UPI
979,1290,650,2026-05-01,Cancelled,Card
980,748,1345,2023-01-18,Completed,UPI
981,617,1813,2026-05-03,Completed,Card
982,825,1716,2025-06-22,Completed,Card
983,984,1385,2023-10-22,Returned,Card
984,75,1030,2025-08-31,Returned,Net Banking
985,1367,319,2025-02-06,Completed,Card
986,1051,1744,2025-01-18,Completed,Net Banking
987,1947,738,2023-03-06,Completed,Cash
988,556,326,2025-03-15,Completed,UPI
989,18,1609,,Completed,UPI
990,1910,1903,2023-12-02,Completed,Card
991,1389,585,2023-11-27,Completed,UPI
992,762,977,2025-06-13,Completed,Card
993,1483,581,2023-11-16,Completed,upi
994,225,1135,2023-06-25,Completed,UPI
995,1049,735,2025-06-16,,UPI
996,1207,551,2024-03-29,Completed,Cash
997,1651,1213,2024-09-17,Completed,UPI
998,985,1817,2026-06-10,Completed,UPI
999,1189,966,2024-06-09,Completed,UPI
1000,571,1985,2025-04-01,Completed,Card
1001,813,1694,2024-06-21,Completed,Card
1002,542,58,2024-07-07,,UPI
1003,902,455,2025-08-18,Completed,Net Banking
1004,1815,959,2026-02-16,Completed,UPI
1005,17,22,2023-06-05,Completed,Cash
1006,1091,753,2023-03-12,Completed,UPI
1007,1583,1483,2024-03-10,Completed,Net Banking
1008,717,956,2025-01-29,Cancelled,UPI
1009,783,39,2025-02-18,Completed,Cash
1010,65,984,2023-12-04,Returned,Cash
1011,1964,352,2024-01-24,Completed,Card
1012,287,923,2026-06-09,Completed,UPI
1013,1094,1313,2024-12-31,Completed,UPI
1014,1580,1682,2023-02-07,Completed,UPI
1015,1256,694,2025-10-18,Completed,Card
1016,56,306,2023-12-17,Completed,UPI
1017,96,133,2026-05-15,Completed,UPI
1018,1743,1486,2025-05-03,Cancelled,Card
1019,410,1470,2025-06-05,Completed,UPI
1020,334,1133,2025-11-17,Completed,UPI
1021,67,1398,2025-03-08,Completed,Cash
1022,1031,1665,2025-10-29,Completed,UPI
1023,1210,1015,2025-07-04,Completed,UPI
1024,1668,1845,2026-04-30,Completed,UPI
1025,1199,1499,2026-01-31,Completed,Card
1026,1895,350,2023-01-11,Completed,UPI
1027,211,487,2026-02-05,Completed,UPI
1028,1275,1564,2025-12-29,Completed,Card
1029,394,211,2025-07-11,Completed,UPI
1030,464,1822,2025-06-09,Completed,Net Banking
1031,482,525,2023-12-21,Completed,Card
1032,1510,1246,2024-03-22,Completed,Net Banking
1033,576,717,2023-11-13,Completed,Cash
1034,652,816,2025-05-28,Completed,Card
1035,815,408,2023-04-04,Completed,Card
1036,1760,1365,2023-08-31,Returned,UPI
1037,671,1984,2024-08-30,Cancelled,  Card  
1038,1471,236,2025-03-20,Completed,UPI
1039,574,1137,2023-04-27,Completed,UPI
1040,1886,542,2025-06-29,Completed,UPI
1041,1573,106,2023-04-01,Completed,UPI
1042,426,1973,2024-01-15,Completed,Cash
1043,793,887,2026-04-25,Completed,Net Banking
1044,674,564,2024-05-01,Completed,UPI
1045,542,1854,2023-01-24,Completed,Card
1046,494,856,2023-05-03,Completed,UPI
1047,921,1157,2026-01-02,Returned,  UPI  
1048,1362,185,2026-03-16,Completed,Card
1049,1513,1375,2024-03-10,Completed,Cash
1050,1146,1940,2025-07-26,Completed,UPI
1051,271,1811,2025-02-17,Completed,Card
1052,1316,1916,2023-09-02,Completed,UPI
1053,396,594,2025-02-19,,UPI
1054,484,1469,2025-06-07,Completed,Card
1055,1990,1635,2023-03-19,Completed,Cash
1056,1250,77,,Completed,UPI
1057,539,66,2025-09-03,Completed,UPI
1058,1044,223,2023-11-08,Completed,UPI
1059,1035,1594,2025-09-28,Returned,Net Banking
1060,940,1861,2024-06-05,Completed,Net Banking
1061,1336,1224,2024-10-10,Completed,Card
1062,1239,843,2023-02-10,Completed,Cash
1063,779,699,2024-12-18,Completed,UPI
1064,361,748,2025-12-30,Completed,UPI
1065,1434,542,2025-11-05,Completed,UPI
1066,659,228,2025-11-22,Completed,UPI
1067,157,202,2024-01-02,,Card
1068,282,1490,2024-11-04,Completed,UPI
1069,732,670,2024-06-11,Returned,Cash
1070,1974,1908,2025-12-23,Completed,UPI
1071,408,923,2026-03-14,Completed,Net Banking
1072,1936,82,2024-12-06,Completed,Card
1073,718,171,2024-12-06,Returned,Cash
1074,1817,209,2023-12-09,Returned,UPI
1075,1421,582,2024-08-24,Completed,UPI
1076,240,1289,2026-03-08,Completed,Card
1077,1722,1035,2025-01-19,Cancelled,Cash
1078,1091,1250,2024-02-05,Completed,Net Banking
1079,1111,54,2023-02-16,Completed,Card
1080,835,696,2026-03-22,Completed,Cash
1081,1198,825,2025-12-19,Completed,Card
1082,1786,5385,2025-02-01,Completed,Cash
1083,1978,771,2024-09-07,Completed,Net Banking
1084,1258,1192,2025-07-27,Completed,Cash
1085,1039,1380,2024-07-31,Completed,Card
1086,199,1641,2026-02-07,Completed,Net Banking
1087,801,1105,2025-04-02,Completed,Cash
1088,121,29,2024-07-20,Completed,Card
1089,119,1439,2024-02-14,Completed,UPI
1090,569,878,2026-06-05,Completed,UPI
1091,1114,330,2025-08-30,Completed,Card
1092,1634,278,2024-10-23,Completed,UPI
1093,494,1429,2025-06-13,Completed,UPI
1094,1820,1678,2025-10-14,Completed,Card
1095,1968,1871,2023-12-01,Completed,Card
1096,264,1158,2026-02-16,Completed,UPI
1097,370,718,2025-12-10,Completed,Cash
1098,1929,1795,2025-08-12,Completed,UPI
1099,1954,336,2025-08-14,Completed,UPI
1100,1896,746,2023-03-24,Completed,UPI
1101,488,74,2023-06-14,Completed,UPI
1102,1675,1784,2025-11-25,Completed,Card
1103,173,1869,2026-03-19,Completed,UPI
1104,266,383,2024-05-08,Completed,Card
1105,261,207,2024-03-11,Completed,Card
1106,594,1742,2024-11-01,Completed,UPI
1107,242,861,2023-02-22,,Card
1108,1208,27,2023-02-17,Completed,Card
1109,767,131,2025-06-29,Completed,UPI
1110,140,549,2025-12-15,Completed,UPI
1111,1019,1642,2025-01-17,Cancelled,Cash
1112,1906,336,2025-03-27,Completed,UPI
1113,1636,474,2024-06-25,Completed,UPI
1114,181,1654,2026-01-02,Completed,Net Banking
1115,248,1373,2025-07-17,Completed,UPI
1116,1914,245,2023-09-26,Completed,Card
1117,1141,989,2023-05-17,Completed,Net Banking
1118,628,912,2025-09-25,Completed,UPI
1119,617,1177,2024-05-12,Completed,Card
1120,1046,1771,2023-08-03,Completed,UPI
1121,1832,110,2023-12-11,Returned,UPI
1122,696,695,2026-01-10,Completed,UPI
1123,5288,1850,2023-11-10,Completed,Cash
1124,1663,1397,2025-03-31,Completed,UPI
1125,700,1764,2023-12-15,Completed,Card
1126,1979,923,2026-04-28,Completed,Net Banking
1127,1910,1074,2026-06-11,Completed,Net Banking
1128,4371,1661,2023-08-21,Completed,Card
1129,959,158,2026-06-10,Completed,UPI
1130,74,1175,2025-03-04,Completed,UPI
1131,507,140,2023-06-29,Completed,Card
1132,1724,546,2026-05-06,Completed,Net Banking
1133,221,1865,2025-03-16,Completed,Net Banking
1134,1508,1257,2025-01-02,Completed,UPI
1135,521,4,2024-05-09,Completed,Net Banking
1136,570,1605,2025-12-02,Completed,Card
1137,265,144,2026-02-11,Completed,UPI
1138,852,1502,2024-08-25,Completed,Card
1139,136,1369,2024-05-12,Cancelled,Cash
1140,1784,1736,2024-11-14,Completed,UPI
1141,1934,633,2026-03-31,Completed,Net Banking
1142,1241,881,2025-06-26,Completed,Net Banking
1143,313,1385,2023-02-13,Completed,Card
1144,1693,651,2024-09-07,Completed,Cash
1145,1077,1793,2026-05-25,Completed,Card
1146,1060,1157,2024-01-20,Completed,Card
1147,1228,972,2023-01-17,Cancelled,UPI
1148,139,646,2026-06-28,Completed,  UPI  
1149,1144,227,2026-02-20,Returned,UPI
1150,1174,681,,Completed,UPI
1151,1636,1755,2025-06-14,Completed,Card
1152,1660,1360,2025-02-18,Completed,UPI
1153,1760,271,2023-04-08,Completed,Cash
1154,1411,1500,2025-09-06,Completed,UPI
1155,1288,1330,2025-09-16,Completed,Card
1156,201,997,2024-12-19,Completed,Net Banking
1157,1135,778,2023-02-20,Completed,Cash
1158,133,559,2025-08-16,Completed,UPI
1159,1532,344,2026-02-04,Completed,Card
1160,1500,677,2024-01-28,Completed,UPI
1161,994,616,2026-02-15,Completed,UPI
1162,63,1135,2026-02-05,,Card
1163,1877,1726,2026-02-23,Completed,Net Banking
1164,659,1325,2025-02-07,Completed,UPI
1165,763,1391,2025-04-28,Completed,UPI
1166,526,1930,2025-11-17,Completed,UPI
1167,625,573,2023-11-21,Completed,Card
1168,1241,209,2024-08-05,Completed,Cash
1169,110,197,2024-03-06,Completed,Net Banking
1170,841,1657,2024-12-04,Completed,UPI
1171,776,75,2023-12-27,Completed,UPI
1172,481,1166,2025-05-16,Completed,UPI
1173,412,189,2023-12-24,,UPI
1174,1711,1232,2025-11-21,Completed,UPI
1175,1338,1202,2023-06-08,Completed,Net Banking
1176,933,1303,2026-02-18,Returned,Cash
1177,1047,517,2023-05-03,Completed,Cash
1178,549,1841,2023-12-04,Completed,Cash
1179,599,692,2026-05-29,Completed,UPI
1180,560,840,2025-02-24,Completed,UPI
1181,951,1195,2024-10-30,Completed,Net Banking
1182,1399,1325,2024-09-03,Completed,UPI
1183,1195,392,,Completed,UPI
1184,1739,385,2025-06-29,Completed,UPI
1185,679,461,2024-04-15,Completed,Net Banking
1186,824,1068,2024-04-19,Completed,Cash
1187,372,1377,2025-08-17,Completed,UPI
1188,309,1961,2026-05-12,Completed,Cash
1189,1545,410,2026-02-27,Completed,Cash
1190,1761,705,2025-11-15,Completed,UPI
1191,817,210,2023-09-14,Completed,UPI
1192,1914,993,2026-04-07,Completed,Net Banking
1193,454,296,2026-01-23,Returned,Cash
1194,1331,1782,2025-06-15,Completed,UPI
1195,1448,185,2023-09-02,Cancelled,Cash
1196,1322,1803,2026-01-11,Completed,Card
1197,776,327,2025-08-08,Completed,Net Banking
1198,171,6419,2026-04-13,Completed,Cash
1199,1314,361,2025-08-17,Cancelled,Net Banking
1200,1576,882,2023-05-16,Completed,UPI
1201,1726,619,2024-08-23,Completed,Card
1202,1142,1542,2025-11-17,Completed,UPI
1203,1613,145,2024-08-02,Completed,UPI
1204,262,1979,2023-12-12,Completed,UPI
1205,679,44,2024-01-21,Completed,Net Banking
1206,1512,1072,2024-06-08,Completed,UPI
1207,92,1169,2025-09-03,Completed,Cash
1208,142,423,2026-04-09,Completed,Card
1209,252,770,2023-11-09,Completed,UPI
1210,153,1567,2025-10-10,Completed,UPI
1211,1779,843,2023-11-27,Completed,UPI
1212,1320,387,2025-12-30,Completed,Net Banking
1213,847,406,2024-06-23,Completed,UPI
1214,1146,1492,2025-07-06,Completed,UPI
1215,569,613,2025-10-19,Returned,Card
1216,140,1549,2024-08-22,Completed,Cash
1217,1324,602,2026-02-13,Completed,Card
1218,791,1715,2024-03-06,Completed,Cash
1219,1741,1627,2026-04-24,Completed,UPI
1220,793,1805,2024-01-16,Completed,UPI
1221,977,1991,2025-06-26,Completed,Cash
1222,645,1327,2023-04-21,Completed,UPI
1223,1268,575,2023-09-23,,UPI
1224,113,1584,2025-07-06,Completed,UPI
1225,803,822,2023-04-14,Completed,UPI
1226,324,1999,2023-04-23,Returned,UPI
1227,1837,331,2025-12-23,Completed,Net Banking
1228,1136,1313,2023-01-31,Completed,Card
1229,217,455,2023-09-07,Completed,UPI
1230,1043,544,,Completed,Cash
1231,1223,73,2026-04-11,Cancelled,Net Banking
1232,1063,1413,2023-05-07,Completed,Card
1233,1059,1907,2024-11-14,Completed,UPI
1234,1900,1792,2024-03-30,Completed,Card
1235,185,1956,2025-10-19,Completed,UPI
1236,1597,493,2026-03-20,Completed,Card
1237,14,1561,2025-10-10,Completed,UPI
1238,1877,432,2025-05-09,Completed,UPI
1239,1240,194,2023-08-15,Completed,UPI
1240,1256,817,2026-05-16,Completed,Card
1241,1045,1970,2025-07-19,Completed,UPI
1242,606,1890,2023-05-03,Completed,UPI
1243,1497,1388,2026-04-08,Completed,Card
1244,990,817,2023-03-14,Completed,UPI
1245,634,1413,2025-06-25,Completed,Card
1246,39,821,2025-11-17,Completed,UPI
1247,151,885,2026-03-21,Completed,UPI
1248,378,673,2025-09-21,Completed,Cash
1249,1175,308,2026-05-20,Cancelled,UPI
1250,1654,206,2026-02-28,Completed,Card
1251,1124,1278,2025-10-07,Completed,UPI
1252,861,1870,2023-04-15,Completed,Net Banking
1253,1876,1040,2024-11-22,Completed,UPI
1254,1364,731,2024-05-18,Completed,UPI
1255,725,1472,2023-05-05,Completed,UPI
1256,1914,1270,2025-06-01,Completed,Net Banking
1257,1542,1087,2025-08-27,Completed,Cash
1258,1431,1471,2025-08-10,Completed,UPI
1259,1338,719,2025-03-14,Completed,Card
1260,481,815,2025-11-17,Completed,UPI
1261,1041,451,2026-01-09,Completed,Cash
1262,439,398,2026-01-11,Completed,Net Banking
1263,189,32,2026-03-20,Completed,UPI
1264,967,982,2023-05-13,,Cash
1265,886,690,2025-06-27,Completed,Cash
1266,1798,1043,2026-02-01,Completed,Card
1267,255,1641,2025-10-06,Returned,Net Banking
1268,1739,124,2023-03-15,Completed,Cash
1269,746,791,2023-11-03,Completed,Card
1270,528,1417,2024-09-18,Cancelled,UPI
1271,1973,443,2023-09-15,Completed,Card
1272,1818,50,2026-01-19,Completed,Cash
1273,661,1954,2025-08-12,Completed,Cash
1274,1961,310,2024-02-21,Completed,UPI
1275,1502,1756,2026-03-18,Completed,Card
1276,1682,1256,2023-06-12,Completed,Card
1277,322,1682,2024-10-13,Completed,Card
1278,712,1361,2026-03-24,Completed,UPI
1279,1033,527,2025-06-21,Completed,UPI
1280,699,1715,2025-04-21,Completed,Card
1281,1469,1055,2025-09-02,Completed,UPI
1282,568,723,2025-08-13,Completed,Card
1283,509,4,2024-04-02,Completed,Net Banking
1284,1673,1612,2025-07-26,Completed,Card
1285,428,1167,2026-03-18,Completed,Card
1286,1953,378,2023-12-14,Completed,Cash
1287,1281,169,2024-12-23,Completed,Cash
1288,1901,965,2026-05-11,Cancelled,Card
1289,1991,918,2025-10-10,Completed,UPI
1290,1315,520,2024-09-18,Completed,UPI
1291,486,1926,2023-04-28,Completed,UPI
1292,451,1853,2024-03-27,,UPI
1293,1287,306,2024-08-24,Completed,Card
1294,1760,82,2025-03-02,Completed,UPI
1295,732,576,2026-05-25,Completed,Cash
1296,1036,862,2024-07-20,Completed,Net Banking
1297,1383,356,2025-09-01,Completed,UPI
1298,1840,1520,2025-02-16,Completed,Net Banking
1299,1458,1423,2026-02-21,Completed,Card
1300,341,260,2023-09-02,Completed,UPI
1301,521,1650,2026-06-01,Returned,UPI
1302,1173,662,2024-06-15,Completed,UPI
1303,1861,1026,2025-04-14,Completed,Net Banking
1304,849,1437,2025-07-11,Completed,Card
1305,473,1798,2025-09-16,Completed,UPI
1306,213,790,2024-09-18,Completed,Card
1307,697,908,2025-10-17,Completed,UPI
1308,857,40,2024-07-24,Completed,Card
1309,502,577,2024-12-15,Completed,Card
1310,1954,1814,2025-07-22,Completed,Cash
1311,186,712,2026-05-04,Completed,UPI
1312,684,613,2026-02-19,Completed,UPI
1313,944,458,2025-02-22,Completed,UPI
1314,1226,144,2026-04-16,Returned,UPI
1315,1321,753,2023-11-07,Completed,Cash
1316,1387,1832,2025-04-11,Completed,Card
1317,823,337,2025-10-13,Completed,UPI
1318,543,939,2025-10-23,Cancelled,UPI
1319,1267,523,2023-02-12,Returned,Card
1320,651,708,2023-08-18,Completed,Card
1321,5645,1050,2024-11-25,Completed,UPI
1322,888,400,2025-06-16,Completed,Card
1323,1691,815,2024-04-29,Cancelled,UPI
1324,1571,1352,2024-11-30,Completed,Cash
1325,1519,516,2024-12-10,Completed,Card
1326,912,1119,2025-10-16,Completed,Card
1327,1523,936,2025-05-27,Completed,Card
1328,14,1207,2025-08-12,Completed,Net Banking
1329,90,1244,2025-04-08,Completed,UPI
1330,1588,285,2025-05-04,Completed,UPI
1331,1380,902,2025-08-03,Completed,UPI
1332,201,504,2023-04-19,Completed,Card
1333,725,679,2025-06-07,,UPI
1334,29,2,2025-05-28,Completed,Card
1335,1564,123,2025-09-20,Completed,Net Banking
1336,557,1156,2026-05-16,Completed,UPI
1337,1156,172,2026-01-22,Completed,UPI
1338,370,877,2023-06-25,Completed,Card
1339,338,1040,2023-09-12,Completed,Card
1340,1169,1347,2026-02-26,Completed,UPI
1341,1592,1535,2025-10-15,Completed,Card
1342,1324,1178,2024-09-15,Completed,UPI
1343,512,1836,2025-09-10,Completed,UPI
1344,632,1796,2025-04-22,Completed,Card
1345,385,1312,2024-11-23,Completed,UPI
1346,1080,1404,2025-07-22,Completed,Card
1347,723,211,2023-09-08,Completed,UPI
1348,1386,351,2025-06-26,Completed,Cash
1349,885,1668,2026-06-10,Returned,Net Banking
1350,1002,1448,2026-06-26,Completed,UPI
1351,825,1470,2025-11-06,Completed,Card
1352,1695,1659,2023-10-12,Completed,Card
1353,1078,182,2023-07-17,Completed,UPI
1354,399,1988,2026-06-14,Completed,Card
1355,1785,1761,2025-07-27,Completed,UPI
1356,189,223,2025-07-10,Completed,Card
1357,644,931,2026-04-07,Completed,Card
1358,1971,587,2023-11-03,Completed,Net Banking
1359,322,646,2026-01-23,Completed,UPI
1360,1135,222,2025-08-27,Completed,UPI
1361,1107,1244,2024-10-30,Cancelled,UPI
1362,1008,1717,2024-06-28,Completed,card
1363,466,1899,2024-06-10,Completed,UPI
1364,116,1261,2024-09-09,Completed,UPI
1365,835,22,2024-05-10,Completed,Card
1366,1652,1180,2025-11-16,Completed,UPI
1367,1528,569,2025-02-17,Completed,Card
1368,1565,1326,2023-06-24,Returned,Card
1369,349,605,2025-06-04,Completed,Card
1370,1941,1055,2023-11-23,Completed,Cash
1371,1903,687,2025-07-11,Completed,Card
1372,1690,1858,2025-07-26,Completed,UPI
1373,1847,1662,2024-12-08,Completed,UPI
1374,1145,743,2026-03-09,Completed,UPI
1375,731,598,2023-03-19,Completed,Cash
1376,282,204,2026-02-03,Completed,Card
1377,1076,1472,2024-02-05,Completed,UPI
1378,1796,1937,2023-05-04,Completed,UPI
1379,264,712,2026-06-26,Completed,  Cash  
1380,788,810,2026-02-13,Completed,Cash
1381,1237,637,2024-08-06,Completed,Card
1382,1941,1065,2025-09-25,Completed,Card
1383,1725,1145,2023-08-21,Returned,Net Banking
1384,1686,1460,2023-08-28,Completed,Card
1385,554,1681,2025-02-25,Completed,Card
1386,1352,233,2026-06-16,Completed,Cash
1387,551,1925,2023-04-16,Completed,UPI
1388,435,1353,2025-07-31,Completed,Card
1389,770,959,2026-01-22,Completed,UPI
1390,540,241,2025-07-10,Completed,UPI
1391,1435,1615,2024-12-07,Returned,Card
1392,1121,514,2025-07-28,Completed,Card
1393,590,424,2026-05-24,Completed,Net Banking
1394,464,1011,2025-09-02,Returned,Card
1395,787,697,2023-02-24,Completed,UPI
1396,1692,1232,2025-08-16,Completed,Cash
1397,61,511,2024-09-21,Completed,UPI
1398,643,1966,2024-08-23,Completed,Net Banking
1399,212,1449,2026-01-28,Completed,UPI
1400,724,719,2023-10-03,Completed,Card
1401,921,1129,2025-02-02,Completed,Net Banking
1402,843,1000,2024-02-15,Completed,UPI
1403,888,414,2026-01-12,Completed,Cash
1404,1161,1930,2024-11-28,Completed,UPI
1405,823,1290,2024-04-07,Completed,UPI
1406,1133,122,2024-07-15,Completed,Card
1407,1556,1156,2026-05-02,Completed,Card
1408,214,1646,2023-03-27,Completed,Card
1409,591,1171,2026-06-09,Completed,Card
1410,1110,963,2024-09-20,Completed,upi
1411,814,1126,2026-01-03,Completed,Net Banking
1412,888,1253,2024-03-31,Cancelled,Cash
1413,927,398,2026-01-09,,Cash
1414,1133,139,2023-07-28,Cancelled,Card
1415,1152,1403,2026-05-30,Completed,Card
1416,558,434,2026-01-08,Completed,UPI
1417,1324,694,2025-11-03,Completed,UPI
1418,1424,151,2026-02-06,Completed,Card
1419,721,1681,2025-12-18,Completed,Cash
1420,1177,652,2024-07-05,Completed,UPI
1421,309,43,2024-03-27,Completed,Cash
1422,231,644,2025-10-18,Completed,Cash
1423,1423,188,2023-11-22,Completed,UPI
1424,3789,187,2025-01-30,Completed,Card
1425,1027,1677,2026-05-23,Completed,Cash
1426,744,1557,2024-12-07,Completed,UPI
1427,1357,1322,2026-03-11,Cancelled,Cash
1428,470,572,2025-08-01,Completed,Card
1429,210,1673,2025-03-25,Completed,Card
1430,325,1900,2024-04-22,Completed,UPI
1431,1979,1341,2026-06-04,Completed,UPI
1432,1590,70,2026-01-31,Completed,UPI
1433,668,634,2023-03-06,Completed,UPI
1434,1755,1752,2023-02-03,Completed,Card
1435,1411,1938,2026-05-15,Completed,Cash
1436,1491,1819,2025-06-15,Completed,UPI
1437,431,1670,2026-06-19,Completed,Card
1438,379,874,2026-04-24,Returned,UPI
1439,872,1489,2024-12-24,Completed,Card
1440,384,286,2024-06-23,Completed,Cash
1441,1109,1957,2025-11-25,Completed,UPI
1442,1726,995,2023-01-25,Completed,Card
1443,835,704,2025-06-19,Completed,UPI
1444,883,1764,2025-07-09,Completed,Cash
1445,1221,707,2025-07-23,Returned,UPI
1446,641,1150,2024-12-19,Completed,UPI
1447,1131,1585,2024-08-04,Completed,Card
1448,3878,1382,2023-06-13,Completed,Card
1449,153,1363,2026-03-28,Completed,UPI
1450,1258,631,2025-08-20,Completed,Card
1451,1541,1858,2024-10-24,Completed,UPI
1452,540,68,2026-03-25,Completed,Net Banking
1453,1535,1829,2025-06-26,Completed,Card
1454,1258,1595,2025-06-22,Completed,UPI
1455,999,581,2025-08-23,Completed,Net Banking
1456,581,1865,2026-02-27,Completed,Card
1457,766,1953,2026-03-22,Completed,Cash
1458,725,61,2024-03-02,Completed,Card
1459,1906,560,2026-05-08,Completed,Net Banking
1460,847,992,2025-07-26,Completed,Cash
1461,1964,1113,2026-01-17,,Cash
1462,1982,908,2025-12-08,Completed,Net Banking
1463,1001,887,2026-04-28,Completed,UPI
1464,1079,470,2025-11-22,Completed,UPI
1465,840,938,2026-02-16,Completed,Net Banking
1466,673,806,2025-08-02,Completed,Cash
1467,1021,1959,2025-03-18,Completed,UPI
1468,1857,1718,2026-05-05,Cancelled,Card
1469,1979,189,2026-06-05,Completed,UPI
1470,1309,901,2023-11-23,,Card
1471,1666,1257,2024-03-30,Completed,UPI
1472,253,1956,2023-12-26,Completed,UPI
1473,967,936,2024-09-19,Completed,Cash
1474,781,1724,2024-04-03,Completed,Net Banking
1475,18,1800,2025-05-22,Completed,Net Banking
1476,755,178,2024-12-24,Completed,Net Banking
1477,379,1948,2024-03-25,Completed,  Cash  
1478,693,1925,2023-08-31,Completed,UPI
1479,523,1236,2023-09-21,Completed,Card
1480,1559,856,2023-11-26,Completed,UPI
1481,1910,1597,2026-03-24,Cancelled,Cash
1482,177,606,2026-02-10,Cancelled,UPI
1483,1887,1380,2026-02-13,Completed,Cash
1484,1266,1890,2026-03-12,Completed,Cash
1485,597,223,2023-01-28,Completed,UPI
1486,452,1542,2025-05-10,Cancelled,UPI
1487,350,392,2025-11-15,Completed,Cash
1488,82,1594,2023-08-19,Completed,UPI
1489,783,2000,2025-08-11,Completed,UPI
1490,747,279,2024-11-14,Completed,Card
1491,1786,1512,2025-01-14,Completed,Card
1492,1368,1739,2026-02-07,,UPI
1493,38,603,2026-02-10,Completed,UPI
1494,184,1666,2025-01-13,Completed,Cash
1495,901,240,2026-01-03,Completed,Card
1496,1122,703,2025-02-02,Returned,UPI
1497,130,631,2023-08-27,Completed,UPI
1498,290,1112,2026-03-09,Completed,UPI
1499,1442,1934,2025-12-21,Completed,Card
1500,261,782,2024-11-20,Completed,  UPI  
1501,957,731,2023-05-26,Completed,UPI
1502,1342,1807,2024-11-05,Completed,UPI
1503,886,1207,2025-12-11,Completed,UPI
1504,1909,869,2025-10-23,Completed,Net Banking
1505,1238,1038,2026-01-28,Returned,Card
1506,315,1,2024-05-23,Completed,Card
1507,6,1162,2025-03-03,Completed,UPI
1508,1979,654,2024-07-21,Completed,Net Banking
1509,1503,1670,2023-12-27,Completed,UPI
1510,808,414,2023-03-16,Completed,Cash
1511,1092,14,2024-07-01,Returned,Cash
1512,725,1271,2025-12-10,Completed,Net Banking
1513,1836,55,2024-09-20,Completed,Cash
1514,1625,524,2025-11-06,Completed,UPI
1515,568,328,2025-04-07,Completed,Card
1516,121,675,2024-12-27,Completed,UPI
1517,638,1099,2026-01-23,Completed,UPI
1518,1195,526,2024-09-15,Completed,UPI
1519,704,189,2023-04-16,Completed,Card
1520,1823,1193,2026-01-24,Completed,Card
1521,1380,1493,2025-04-25,Returned,UPI
1522,889,1984,2026-03-06,Completed,UPI
1523,744,1266,2023-11-18,Returned,UPI
1524,1981,536,2024-11-30,Completed,Card
1525,1548,1097,2024-05-04,Completed,UPI
1526,719,448,2024-06-15,Completed,Cash
1527,642,486,2025-05-17,Completed,UPI
1528,1890,1201,2024-05-17,Completed,Card
1529,1990,790,2025-05-07,Completed,Card
1530,108,413,2026-05-27,Completed,UPI
1531,713,329,2024-07-07,Completed,UPI
1532,83,677,2025-12-17,Completed,Card
1533,1517,1250,,Completed,Net Banking
1534,437,423,2024-08-27,Completed,UPI
1535,311,991,,Completed,Card
1536,763,1876,2026-06-21,Completed,Cash
1537,972,880,2026-02-15,Completed,UPI
1538,80,1780,2023-07-04,Completed,Cash
1539,1487,583,2025-05-22,Completed,Cash
1540,994,57,2025-11-18,Completed,UPI
1541,1767,1068,2024-12-28,Completed,upi
1542,941,849,2025-08-27,Completed,Net Banking
1543,761,1405,2023-12-05,Completed,Card
1544,1136,228,2024-08-04,Completed,Card
1545,414,1291,2025-01-29,Completed,UPI
1546,1393,154,2026-06-05,Completed,Net Banking
1547,1803,1022,2024-06-17,Completed,UPI
1548,1959,1776,2026-04-19,Returned,UPI
1549,1920,800,2026-04-20,Completed,Card
1550,1393,1329,2025-06-10,Cancelled,Card
1551,1191,1968,2024-11-23,Completed,Card
1552,1797,769,2024-09-01,Completed,Cash
1553,1619,1756,2025-09-30,Completed,UPI
1554,891,903,2024-08-15,Completed,UPI
1555,62,1936,2026-04-04,Returned,UPI
1556,1772,597,2025-05-25,Returned,Card
1557,1489,238,2026-03-12,Returned,UPI
1558,952,1951,2025-05-31,Completed,cash
1559,1616,610,2025-12-23,Completed,UPI
1560,1727,1573,2025-03-22,Completed,UPI
1561,817,1434,2025-12-12,Completed,Cash
1562,1114,1534,2025-12-16,Completed,UPI
1563,157,964,2023-11-20,Completed,UPI
1564,1688,455,2024-06-11,Completed,Cash
1565,1976,135,2025-11-30,Completed,UPI
1566,25,1915,2024-10-31,Completed,Card
1567,254,1767,2023-06-04,Cancelled,Card
1568,1149,792,2026-04-24,Completed,Net Banking
1569,598,1593,2024-11-11,Returned,UPI
1570,1207,114,2025-10-18,Returned,Card
1571,1551,1686,2025-06-26,Completed,UPI
1572,1018,744,2025-06-10,Completed,Cash
1573,1545,1807,2023-09-05,Completed,Cash
1574,1415,1056,2023-04-14,Completed,Card
1575,1872,325,2024-02-13,Completed,UPI
1576,763,1806,2023-12-01,Completed,UPI
1577,737,1047,2025-01-04,Completed,UPI
1578,525,745,2025-09-27,Completed,Net Banking
1579,205,1967,2026-03-02,Completed,Card
1580,1856,1496,2023-10-22,Completed,UPI
1581,942,44,2026-02-08,Cancelled,UPI
1582,988,829,2026-01-28,Completed,UPI
1583,1587,1403,2025-08-25,Completed,Net Banking
1584,440,1292,2024-12-21,Completed,Card
1585,1566,379,2024-04-01,Completed,Card
1586,1621,516,2025-04-07,Completed,UPI
1587,270,328,2026-04-16,Completed,Card
1588,541,527,2024-08-03,Completed,Card
1589,575,1469,2025-08-15,Completed,Cash
1590,1510,344,2023-05-24,Completed,Net Banking
1591,1420,793,2025-08-01,Completed,Card
1592,722,646,2026-01-26,Completed,Cash
1593,1367,109,2025-08-29,Completed,UPI
1594,1062,108,2025-09-18,Completed,UPI
1595,1816,61,2026-06-04,Completed,Card
1596,1820,1003,2025-04-28,Completed,Net Banking
1597,1657,391,2026-02-24,Cancelled,Cash
1598,1980,1480,2024-09-10,Completed,Card
1599,299,1886,2024-01-27,Completed,Card
1600,801,1960,2025-10-29,Completed,UPI
1601,1956,1567,2025-09-29,Completed,CASH
1602,1533,937,2023-11-17,Completed,UPI
1603,475,564,2025-04-15,Completed,Cash
1604,1461,453,2025-11-24,Completed,Cash
1605,1120,816,2025-06-02,Completed,Cash
1606,422,955,2026-04-10,Completed,UPI
1607,604,1264,2025-09-03,Completed,UPI
1608,1013,1657,2023-08-08,Completed,UPI
1609,705,1652,2025-11-19,Completed,Card
1610,1994,1317,2025-11-30,Completed,Cash
1611,447,1490,2023-05-07,Completed,UPI
1612,88,761,2026-03-04,Returned,UPI
1613,609,110,2024-07-29,Completed,Card
1614,1936,971,2026-04-24,Completed,UPI
1615,213,365,2026-03-17,Completed,Net Banking
1616,1897,379,2024-05-10,Cancelled,Card
1617,1195,1069,2026-01-15,Completed,Card
1618,1331,1424,2026-01-30,Cancelled,UPI
1619,1720,1549,2024-11-05,Completed,UPI
1620,99,1415,2023-07-01,Completed,Net Banking
1621,1211,1766,2024-01-28,Completed,Cash
1622,500,1101,2025-12-20,Returned,Cash
1623,698,913,2024-02-25,Completed,UPI
1624,696,1308,2024-07-02,Completed,UPI
1625,1885,61,2025-09-28,Completed,Card
1626,848,755,2026-05-13,Completed,UPI
1627,584,501,2024-08-22,Completed,Card
1628,728,318,2023-12-01,Returned,Net Banking
1629,1717,170,2025-05-26,Completed,UPI
1630,1999,1258,2026-05-10,Completed,Card
1631,1379,836,2024-02-27,Completed,Cash
1632,1713,929,2023-09-21,Cancelled,Card
1633,677,1679,2025-12-10,Completed,Cash
1634,114,501,2025-01-20,Completed,UPI
1635,1684,858,2025-10-18,Completed,UPI
1636,1081,420,2023-10-26,Completed,UPI
1637,1213,1890,2026-01-25,Completed,Card
1638,1215,1228,2026-03-29,Completed,Card
1639,1089,1406,2025-07-18,Completed,Card
1640,1325,128,2026-03-27,Returned,UPI
1641,1430,1360,2024-09-18,Completed,Net Banking
1642,4,172,2026-01-05,Completed,UPI
1643,319,995,2024-02-28,Completed,UPI
1644,184,657,2024-07-30,Completed,UPI
1645,70,563,2024-08-28,Completed,UPI
1646,653,1937,2024-05-28,Completed,UPI
1647,104,532,2025-05-26,Completed,Cash
1648,1307,460,2024-07-13,Completed,Card
1649,696,1185,2024-08-15,Completed,Cash
1650,492,1375,2024-11-08,Returned,UPI
1651,1674,1829,2025-03-25,Completed,Card
1652,1466,568,2026-05-29,Completed,UPI
1653,1101,193,2024-07-07,Completed,Card
1654,1851,744,2026-02-16,Completed,Cash
1655,1147,1747,2025-03-18,Completed,UPI
1656,1668,1586,2024-10-04,Returned,Card
1657,1175,1103,2025-08-10,Completed,Card
1658,1716,1243,2026-06-28,Cancelled,Card
1659,673,251,2023-11-24,Completed,UPI
1660,1497,1376,2024-10-28,Completed,Card
1661,1581,1752,2023-11-14,Completed,UPI
1662,1501,1168,2026-06-28,Completed,UPI
1663,1821,459,2025-10-23,Completed,UPI
1664,572,1912,2026-03-24,Completed,UPI
1665,1418,143,2025-02-24,Completed,Cash
1666,231,88,2025-12-22,Completed,UPI
1667,1761,1285,2026-05-03,Completed,Card
1668,1524,786,2023-02-15,Completed,Card
1669,1357,1666,2024-02-19,Completed,Card
1670,1103,1895,2026-05-08,Completed,UPI
1671,1957,1908,2026-02-24,Completed,Card
1672,1171,1439,2024-08-21,Completed,Card
1673,1367,549,2026-05-11,Completed,Net Banking
1674,1822,802,2026-05-23,Completed,UPI
1675,940,1268,2026-01-31,Completed,Card
1676,908,861,2025-04-08,Completed,Net Banking
1677,794,995,2026-04-22,Completed,UPI
1678,1659,1580,2026-05-02,Completed,Card
1679,1178,1627,2025-02-18,Completed,Net Banking
1680,165,10,2024-08-28,Completed,CARD
1681,1499,277,2024-08-06,Completed,Cash
1682,283,1900,2024-08-12,Returned,Net Banking
1683,1028,1919,2024-07-26,Completed,UPI
1684,1599,134,2023-02-12,Completed,UPI
1685,471,756,2026-04-22,Cancelled,Card
1686,621,214,2024-06-14,Completed,UPI
1687,997,1374,2024-03-30,Completed,Card
1688,1480,395,2023-09-05,Returned,Card
1689,1201,1952,2025-02-04,Completed,Net Banking
1690,653,3,2026-06-09,Completed,UPI
1691,854,1960,2026-06-22,Completed,UPI
1692,14,1469,2025-10-29,Completed,Card
1693,635,1840,2024-12-03,Completed,Net Banking
1694,943,1577,2024-10-22,Completed,UPI
1695,772,1089,2026-05-25,Completed,Cash
1696,957,1238,2025-11-21,Completed,UPI
1697,189,1620,2023-11-25,Completed,Net Banking
1698,1532,1798,2024-05-30,Completed,UPI
1699,1370,739,2025-08-18,Completed,Net Banking
1700,160,1140,2026-06-25,Returned,UPI
1701,1519,1546,2026-03-01,Completed,Card
1702,1865,1869,2024-10-21,Cancelled,Cash
1703,1188,1462,2025-01-10,Completed,UPI
1704,594,1126,2026-04-08,Completed,UPI
1705,1898,109,2025-01-22,Completed,Cash
1706,288,1012,2026-01-13,Completed,UPI
1707,243,19,2024-05-12,Returned,cash
1708,1608,1832,2026-05-09,,UPI
1709,1390,826,2026-01-26,Cancelled,Card
1710,538,1429,2023-01-03,Completed,UPI
1711,702,1941,2025-01-04,Completed,Card
1712,1135,1076,2023-08-20,Completed,Card
1713,1351,250,2025-12-19,Completed,Card
1714,1995,4,,Completed,UPI
1715,411,1802,2023-10-07,Completed,Net Banking
1716,42,402,2026-05-23,Cancelled,UPI
1717,1938,1323,2023-06-04,Completed,Card
1718,1118,576,2024-06-28,Completed,Card
1719,263,397,2026-01-12,Completed,UPI
1720,1941,32,2024-08-02,Completed,UPI
1721,178,397,2025-12-08,Completed,Cash
1722,568,513,2025-05-24,Completed,Card
1723,1439,372,2024-10-15,Completed,Card
1724,1674,1922,2026-04-15,Completed,UPI
1725,870,1149,2023-10-17,Completed,UPI
1726,674,1480,2024-07-13,Completed,Cash
1727,1423,886,2025-07-16,Cancelled,UPI
1728,1086,494,2023-03-23,,  Card  
1729,1244,9,2026-05-05,Completed,Card
1730,1483,1114,2024-07-31,Completed,UPI
1731,180,1878,2025-12-17,Completed,UPI
1732,249,781,2024-07-04,Completed,Card
1733,751,1372,2023-04-21,Completed,UPI
1734,475,1491,2025-03-02,Completed,Card
1735,1074,1427,2023-12-04,Completed,UPI
1736,270,1725,2025-02-16,Completed,Card
1737,441,1918,2026-03-05,Completed,Cash
1738,33,1401,2025-09-17,Completed,Card
1739,90,510,2025-12-30,Returned,UPI
1740,1260,1397,2025-11-10,Completed,UPI
1741,1798,317,2024-05-23,Completed,Net Banking
1742,702,1700,2023-07-25,Completed,Cash
1743,979,218,2026-06-30,Completed,Cash
1744,1007,968,2023-03-05,Completed,UPI
1745,607,710,2025-01-01,Completed,Card
1746,1049,303,2025-08-13,Completed,Cash
1747,329,363,2023-10-01,Completed,Card
1748,1345,1872,2025-05-11,Completed,UPI
1749,1947,1135,2024-02-06,Returned,Card
1750,1663,1955,2023-11-27,Completed,UPI
1751,99,481,2026-04-26,Completed,UPI
1752,1167,531,2023-08-01,Completed,Card
1753,1143,1389,2024-11-22,Returned,Card
1754,1398,1829,2024-01-01,Completed,Net Banking
1755,850,168,2023-04-24,Cancelled,Net Banking
1756,1002,1825,2025-06-06,Completed,UPI
1757,560,1343,2025-10-22,Completed,Card
1758,530,846,2026-04-16,Completed,Card
1759,517,368,2026-04-20,Completed,UPI
1760,1409,1596,2025-09-12,Completed,Net Banking
1761,263,1473,2024-04-26,Completed,UPI
1762,621,1094,2024-06-23,Completed,Net Banking
1763,1191,405,2023-12-14,Completed,UPI
1764,173,1579,2024-06-18,Completed,Card
1765,5539,406,2026-06-20,Completed,UPI
1766,1394,1240,2026-04-27,Cancelled,Card
1767,208,648,2025-03-27,Completed,Cash
1768,1786,639,2023-11-09,Completed,Card
1769,733,90,2023-04-23,Cancelled,UPI
1770,1332,129,2023-11-19,Completed,Net Banking
1771,1791,1152,2024-05-15,Completed,Card
1772,1782,184,2023-04-23,Completed,UPI
1773,1153,1130,2026-01-07,Completed,Cash
1774,1317,1509,2026-03-16,Completed,UPI
1775,1628,1617,2023-10-18,Completed,Card
1776,1977,6795,2025-07-11,Completed,Net Banking
1777,1889,1188,2023-09-10,Completed,Card
1778,612,449,2023-10-13,Completed,UPI
1779,574,898,2024-05-20,Completed,Card
1780,606,1847,2026-05-05,Completed,Net Banking
1781,1432,808,2026-05-26,Completed,Net Banking
1782,1060,1632,2024-10-20,Completed,UPI
1783,220,1142,2026-03-30,Cancelled,UPI
1784,1875,745,2025-04-21,Completed,Net Banking
1785,438,1777,2025-11-16,Completed,UPI
1786,1063,56,2024-12-20,Completed,Card
1787,740,671,2026-01-10,Completed,UPI
1788,1395,675,2025-05-24,Completed,Cash
1789,404,377,2024-05-23,,UPI
1790,858,1337,2024-07-17,Completed,Net Banking
1791,1070,1752,2023-10-15,Completed,Cash
1792,1662,682,2023-07-17,Completed,UPI
1793,542,1780,2024-02-11,Completed,Cash
1794,505,515,2024-06-23,Completed,Net Banking
1795,739,1093,2024-10-31,Completed,UPI
1796,941,1756,2025-08-31,Completed,Cash
1797,170,1624,2025-04-25,Completed,UPI
1798,19,1885,2026-03-16,Completed,Card
1799,1040,541,2023-09-06,Completed,Net Banking
1800,1224,1760,2023-12-30,Completed,UPI
1801,432,475,2025-12-11,Completed,UPI
1802,585,1952,2025-12-17,Completed,Net Banking
1803,1540,202,2026-06-10,Completed,Cash
1804,930,993,2026-01-07,Completed,Cash
1805,1382,555,2023-03-05,Completed,Cash
1806,891,1991,2026-01-29,Completed,Card
1807,1104,1271,2024-12-14,Completed,Card
1808,1301,357,2024-10-16,Completed,UPI
1809,1058,890,2023-01-17,Completed,Cash
1810,1667,545,2024-01-24,Cancelled,Card
1811,150,1670,2023-08-30,Completed,UPI
1812,795,877,2023-09-03,Completed,UPI
1813,1023,112,2023-05-11,Completed,UPI
1814,1801,818,2026-02-14,Completed,Cash
1815,369,723,2023-05-30,Returned,Cash
1816,1921,1669,2024-01-19,Completed,UPI
1817,1626,848,2023-01-23,Completed,Card
1818,1127,5595,2023-10-21,Completed,Net Banking
1819,1471,1633,2025-05-12,Completed,UPI
1820,375,295,2024-07-29,,Card
1821,853,1876,2024-02-16,Completed,UPI
1822,1455,952,2024-07-02,Completed,Card
1823,761,297,2026-04-17,Completed,UPI
1824,1575,1880,2023-04-07,Returned,Card
1825,1831,1812,2025-10-08,Cancelled,Card
1826,81,1886,2025-12-06,Completed,UPI
1827,176,925,2023-10-02,Completed,Card
1828,1103,1782,2026-04-10,Completed,UPI
1829,780,1057,2025-03-20,Completed,CARD
1830,617,1181,2023-07-21,Completed,Cash
1831,653,1030,2024-02-16,Completed,Card
1832,295,592,2026-03-18,Completed,UPI
1833,1512,728,2025-03-22,,Cash
1834,1463,1784,2026-04-27,Completed,Card
1835,1188,1806,2023-12-08,,UPI
1836,365,1817,2024-06-01,Completed,Net Banking
1837,1768,750,2024-07-03,Completed,Net Banking
1838,1201,1347,2024-08-23,,UPI
1839,735,1698,2025-12-06,Completed,UPI
1840,1300,695,2026-02-08,,UPI
1841,1106,1776,2025-12-18,Completed,UPI
1842,658,606,2025-08-21,Completed,Card
1843,56,1888,2023-12-07,Completed,Card
1844,745,1049,2024-06-16,Completed,Card
1845,1835,270,2023-01-13,Completed,Card
1846,1523,271,2025-03-22,Returned,Net Banking
1847,500,1061,2023-05-20,Completed,UPI
1848,1395,431,2025-01-31,Completed,Cash
1849,732,1062,2024-03-24,Completed,Card
1850,1372,962,2024-06-05,Completed,Cash
1851,507,1366,2023-06-28,Returned,UPI
1852,905,82,2026-03-26,Cancelled,Cash
1853,1592,1291,2025-02-10,Completed,Cash
1854,1408,1183,2024-04-22,Completed,Card
1855,865,975,2023-04-03,Completed,Card
1856,1532,393,2025-06-23,Completed,Cash
1857,1018,424,2026-02-07,Completed,UPI
1858,37,1995,2025-08-08,Completed,Net Banking
1859,630,519,2025-06-13,Completed,UPI
1860,622,1849,2024-10-10,Completed,Net Banking
1861,1004,380,2024-12-03,Returned,UPI
1862,1169,642,2026-03-23,Completed,UPI
1863,704,1697,2024-05-26,Completed,UPI
1864,1273,1095,2024-11-19,Completed,UPI
1865,888,321,2025-07-31,Completed,UPI
1866,150,264,2026-05-01,Completed,Card
1867,1345,1311,2026-05-11,Completed,Card
1868,435,1058,2026-02-19,Completed,UPI
1869,1077,699,2026-05-10,Completed,UPI
1870,460,342,2023-01-07,Completed,Cash
1871,1021,1181,2023-08-03,Returned,UPI
1872,553,1585,2025-03-02,Completed,Net Banking
1873,1101,1811,2023-09-23,Completed,UPI
1874,80,1465,2026-01-07,Completed,UPI
1875,135,1686,2026-03-08,Completed,UPI
1876,1461,301,2026-04-18,Completed,Cash
1877,1279,909,2023-04-14,Completed,Card
1878,35,130,2025-08-31,Completed,UPI
1879,434,6012,2026-01-26,Completed,Net Banking
1880,903,830,2024-12-06,Completed,UPI
1881,926,902,2025-06-09,,UPI
1882,788,688,2024-05-28,,Cash
1883,1635,1532,2024-04-14,Completed,Cash
1884,1084,1600,2026-05-14,Completed,UPI
1885,435,1814,2024-10-08,Completed,Card
1886,1750,1730,2024-07-26,Completed,Card
1887,1742,916,2025-06-15,Completed,Card
1888,632,1968,2023-11-05,Completed,Cash
1889,893,631,2024-11-21,Completed,UPI
1890,566,96,2026-04-07,Completed,Net Banking
1891,699,678,2025-12-10,Completed,UPI
1892,33,1165,2023-06-14,Completed,UPI
1893,1427,1121,2024-08-24,Completed,Net Banking
1894,786,119,2023-11-13,Completed,UPI
1895,613,840,2025-02-28,Completed,UPI
1896,657,1752,2025-05-06,Completed,UPI
1897,540,1079,2024-09-22,Completed,UPI
1898,857,399,2025-07-18,Completed,Cash
1899,421,982,2026-01-31,Completed,UPI
1900,1630,511,2025-03-22,Completed,Card
1901,1206,57,2024-09-10,Completed,Cash
1902,1044,4389,2025-12-27,Completed,Cash
1903,937,729,2026-02-27,Completed,Card
1904,949,641,2025-04-03,Completed,UPI
1905,376,1973,2024-03-26,Completed,UPI
1906,1655,1234,2025-11-26,Completed,UPI
1907,1736,1739,2025-09-13,Completed,Cash
1908,833,460,2025-11-06,Completed,UPI
1909,1857,648,2025-03-09,Completed,UPI
1910,800,430,2025-11-18,Cancelled,Net Banking
1911,1645,1148,2023-06-16,Completed,UPI
1912,107,589,2024-12-16,Completed,UPI
1913,27,788,2026-01-30,Completed,Card
1914,1235,844,2023-04-11,,UPI
1915,1828,1302,2025-01-26,Completed,Cash
1916,159,251,2025-07-23,Completed,Card
1917,833,724,2026-06-14,Completed,UPI
1918,1646,578,2026-04-02,Completed,UPI
1919,1743,1954,2025-02-07,Completed,UPI
1920,979,268,2024-12-21,Completed,Card
1921,689,1239,2025-12-11,Cancelled,Cash
1922,1408,1724,2025-10-24,Completed,Card
1923,709,461,2024-11-04,Completed,Net Banking
1924,928,1910,2026-06-18,Completed,UPI
1925,14,1951,2025-06-24,Completed,Card
1926,1443,98,2025-06-20,Completed,Card
1927,1385,495,2024-11-14,Completed,UPI
1928,291,289,2026-04-22,Completed,Card
1929,1986,596,2023-02-02,Completed,Net Banking
1930,1795,1176,2023-10-21,Completed,UPI
1931,412,1504,2023-08-20,Completed,UPI
1932,1805,1944,2026-03-01,Completed,UPI
1933,1127,1686,2025-07-03,Completed,Card
1934,1227,587,2024-11-28,Completed,Net Banking
1935,1462,448,2025-12-13,Completed,UPI
1936,237,283,2024-08-05,Completed,Net Banking
1937,238,102,2025-11-17,Completed,Card
1938,1666,800,2026-01-05,Returned,Card
1939,411,3731,2024-07-09,Completed,Card
1940,906,681,2026-04-17,Completed,Card
1941,1569,648,2025-09-30,Cancelled,UPI
1942,891,621,2025-07-14,,Cash
1943,1435,760,2024-03-21,Completed,UPI
1944,1426,1258,2026-05-15,Completed,UPI
1945,798,746,2023-04-21,Completed,UPI
1946,440,1680,2026-02-24,Returned,Net Banking
1947,1408,886,2023-01-06,Cancelled,UPI
1948,745,1805,2023-01-13,Completed,Card
1949,808,76,2025-08-07,Completed,UPI
1950,1919,137,2025-04-30,Completed,UPI
1951,849,1751,2026-04-20,Completed,Cash
1952,1603,888,2026-05-29,Completed,Card
1953,946,1198,2024-04-20,Completed,Card
1954,1513,6060,2025-02-24,Completed,Card
1955,541,1301,2023-07-19,Completed,Card
1956,856,218,2024-09-23,Completed,Card
1957,1782,1427,2025-06-19,Completed,Cash
1958,1306,239,2025-07-08,Completed,UPI
1959,1695,267,2024-02-29,Completed,UPI
1960,1087,833,2024-08-20,Completed,UPI
1961,1114,755,2025-09-10,Completed,UPI
1962,1897,1358,2025-07-09,Completed,Net Banking
1963,1866,566,2026-03-16,,UPI
1964,1851,1121,2024-02-11,Cancelled,Card
1965,105,52,2023-07-12,Completed,UPI
1966,268,428,2024-09-08,Returned,UPI
1967,1794,448,2025-03-29,Completed,Card
1968,259,907,2025-10-15,,Card
1969,757,1070,2024-10-20,Completed,Card
1970,578,423,2025-11-19,Completed,Card
1971,1251,1606,2024-09-13,Cancelled,UPI
1972,663,673,2026-02-07,Completed,UPI
1973,1130,1692,2024-02-25,Completed,UPI
1974,1108,1295,2023-03-12,Completed,Net Banking
1975,480,601,2026-05-13,,Card
1976,489,1491,2025-12-02,Cancelled,UPI
1977,95,896,2025-12-24,Completed,UPI
1978,1946,385,2026-06-23,Completed,Card
1979,1450,526,2024-09-11,Completed,Net Banking
1980,1330,1480,2025-01-10,Returned,Net Banking
1981,1212,1543,2023-11-13,Completed,Cash
1982,1346,974,2026-06-04,Completed,UPI
1983,274,1838,2023-03-26,Completed,Card
1984,677,1044,2025-06-22,Completed,Net Banking
1985,264,62,2025-01-13,Completed,Net Banking
1986,724,119,2023-07-01,Returned,UPI
1987,1615,342,2023-06-29,Completed,UPI
1988,1380,1686,2025-02-23,Completed,UPI
1989,1751,1209,2024-11-03,Completed,Cash
1990,5681,3574,2026-02-15,Completed,Card
1991,1524,771,2024-09-09,Completed,Card
1992,1173,1866,2024-02-05,Completed,UPI
1993,1784,1950,2024-08-26,Completed,Card
1994,1150,883,2025-11-17,Completed,UPI
1995,351,765,2023-09-14,Completed,UPI
1996,1100,343,2024-01-08,Completed,Card
1997,1416,1405,2025-11-05,Completed,Card
1998,1097,376,2026-03-24,Completed,Card
1999,1463,1484,2023-10-14,Returned,UPI
2000,1203,945,2023-10-08,Completed,UPI
